name,rating,reviews,company_type,location
TCS,3.3,1.1L,IT Services & Consulting , Bengaluru +439 other locations
Accenture,3.7,72.3k,IT Services & Consulting , Bengaluru +256 other locations
Wipro,3.6,64.2k,IT Services & Consulting , Hyderabad +371 other locations
Cognizant,3.6,60.5k,IT Services & Consulting , Hyderabad +232 other locations
Capgemini,3.7,52.2k,IT Services & Consulting , Bengaluru +182 other locations
HDFC Bank,3.8,51.3k,Banking , Mumbai +1837 other locations
Infosys,3.5,48k,IT Services & Consulting , Bengaluru +248 other locations
ICICI Bank,3.9,45.3k,Banking , Mumbai +1440 other locations
HCLTech,3.4,45.2k,IT Services & Consulting , Chennai +231 other locations
Tech Mahindra,3.4,42.8k,IT Services & Consulting , Hyderabad +330 other locations
Genpact,3.6,41.4k,Analytics & KPO , Hyderabad +181 other locations
Teleperformance,3.8,37.4k,BPO , Mumbai +255 other locations
Jio,4.4,33.4k,Telecom , Mumbai +1967 other locations
Axis Bank,3.6,32.6k,Banking , Mumbai +1511 other locations
Concentrix Corporation,3.6,31.7k,BPO , Bengaluru +178 other locations
Amazon,3.9,31k,Internet , Bengaluru +521 other locations
iEnergizer,4.6,27.3k,BPO , Noida +52 other locations
Reliance Retail,3.9,27.2k,Retail , Mumbai +1157 other locations
LTIMindtree,3.6,26.1k,IT Services & Consulting , Bengaluru +145 other locations
IBM,3.9,25.5k,IT Services & Consulting , Bengaluru +161 other locations
HDB Financial Services,3.9,25.3k,NBFC , Mumbai +1092 other locations
Larsen & Toubro Limited,3.9,23.5k,Engineering & Construction , Chennai +761 other locations
Deloitte,3.7,22.7k,Management Consulting , Hyderabad +188 other locations
Kotak Mahindra Bank,3.6,22.1k,Banking , Mumbai +688 other locations
Reliance Industries,4.0,20k,Oil & Gas , Jamnagar +816 other locations
Vodafone Idea,3.9,17.5k,Telecom , Pune +705 other locations
Bharti Airtel,3.8,17k,Telecom , Gurugram +795 other locations
BYJU'S,3.2,16.4k,EdTech , Bengaluru +322 other locations
WNS,3.3,15k,IT Services & Consulting , Pune +66 other locations
IDFC FIRST Bank,3.9,14.3k,Banking , Mumbai +717 other locations
Ernst & Young,3.4,14.2k,Management Consulting , Bengaluru +132 other locations
Tata Motors,4.1,14.1k,Automobile , Pune +508 other locations
IndusInd Bank,3.4,14k,Banking , Mumbai +795 other locations
AU Small Finance Bank,3.9,14k,Banking , Jaipur +792 other locations
Muthoot FinCorp,4.6,13k,NBFC , Bengaluru +1118 other locations
Bajaj Finserv,4.0,12.8k,NBFC , Pune +1178 other locations
Flipkart,3.9,12.8k,Internet , Bengaluru +558 other locations
PwC,3.3,12.3k,Management Consulting , Bengaluru +133 other locations
Mahindra & Mahindra,4.0,11.9k,Automobile , Pune +565 other locations
Infosys BPM,3.5,11.9k,BPO , Bengaluru +96 other locations
HDFC Life,3.9,11.9k,Insurance , Mumbai +706 other locations
DXC Technology,3.6,11.8k,IT Services & Consulting , Bengaluru +133 other locations
Bandhan Bank,3.7,10.9k,Banking , Kolkata +999 other locations
Digitide Solutions,3.5,10.2k,IT Services & Consulting , Hyderabad +270 other locations
Mphasis,3.3,10.1k,IT Services & Consulting , Bengaluru +64 other locations
Yes Bank,3.7,10k,Banking , Mumbai +542 other locations
Tata Steel,4.0,9.8k,Iron & Steel , Jamshedpur +229 other locations
Quess,3.8,9.6k,Recruitment , Bengaluru +743 other locations
Maruti Suzuki,4.2,9.5k,Automobile , Gurugram +455 other locations
Asian Paints,3.9,9.4k,Chemicals , Mumbai +553 other locations
Startek,3.1,9.4k,BPO , Bengaluru +103 other locations
UltraTech Cement,4.1,9.3k,Building Material , Mumbai +541 other locations
Paytm,3.2,9.2k,FinTech , Noida +419 other locations
Bajaj Finance,3.9,9k,NBFC , Pune +978 other locations
Shriram Finance,4.0,9k,NBFC , Chennai +1113 other locations
Sutherland Global Services,3.4,8.9k,BPO , Chennai +84 other locations
Equitas Small Finance Bank,4.4,8.8k,Banking , Chennai +481 other locations
Cipla,4.1,8.5k,Pharma , Mumbai +294 other locations
EXL Service,3.6,8.5k,Analytics & KPO , Noida +61 other locations
Wells Fargo,3.6,8.5k,Financial Services , Bengaluru +27 other locations
Ericsson,3.9,8.3k,Telecom , Noida +163 other locations
Samsung,3.9,8.3k,Consumer Electronics & Appliances , Noida +585 other locations
Dr. Reddy's,4.0,8.1k,Pharma , Hyderabad +215 other locations
Optum Global Solutions,4.0,7.8k,IT Services & Consulting , Hyderabad +68 other locations
Delhivery,3.8,7.7k,Logistics , Gurugram +761 other locations
JPMorgan Chase & Co.,3.8,7.7k,Financial Services , Bengaluru +55 other locations
JSW Steel,3.9,7.7k,Iron & Steel , Ballari +194 other locations
ICICI Prudential Life Insurance,3.9,7.7k,Insurance , Mumbai +506 other locations
Hexaware Technologies,3.4,7.6k,IT Services & Consulting , Chennai +69 other locations
HGS,3.7,7.5k,BPO , Bengaluru +122 other locations
Jana Small Finance Bank,3.8,7.5k,Banking , Bengaluru +419 other locations
Ujjivan Small Finance Bank,4.0,7.5k,Banking , Bengaluru +536 other locations
Sun Pharmaceutical Industries,4.1,7.5k,Pharma , Vadodara +264 other locations
Amazon Development Centre India,3.8,7.4k,Internet , Hyderabad +146 other locations
Lupin,4.1,7.3k,Pharma , Pune +204 other locations
Ekart Logistics,3.9,7.3k,Logistics , Bengaluru +742 other locations
Zydus Lifesciences,4.0,7.3k,Pharma , Ahmedabad +178 other locations
L&T Construction,4.0,7.2k,Engineering & Construction , Chennai +433 other locations
Hindustan Unilever,4.2,7.2k,FMCG , Mumbai +540 other locations
KPMG India,3.4,7.1k,Management Consulting , Bengaluru +112 other locations
ITC,3.9,7.1k,FMCG , Bengaluru +377 other locations
Axis Max Life Insurance,4.0,7k,Insurance , New Delhi +500 other locations
Megha Engineering & Infrastructures,3.9,6.8k,Engineering & Construction , Hyderabad +406 other locations
Tata Projects,4.2,6.8k,Engineering & Construction , Mumbai +287 other locations
Coforge,3.3,6.7k,IT Services & Consulting , Noida +103 other locations
Bajaj Life Insurance,3.8,6.5k,Insurance , Pune +616 other locations
L&T Technology Services,3.1,6.5k,IT Services & Consulting , Bengaluru +93 other locations
Cholamandalam Investment & Finance,3.8,6.5k,Financial Services , Chennai +852 other locations
FIS,3.8,6.5k,FinTech , Pune +60 other locations
Oracle,3.5,6.3k,Software Product , Bengaluru +56 other locations
Omega Healthcare,3.8,6.3k,BPO , Chennai +69 other locations
Muthoot Finance,3.7,6.3k,NBFC , Bengaluru +789 other locations
IIFL Finance,4.0,6.3k,NBFC , Mumbai +804 other locations
JLL,4.1,6.3k,Real Estate , Gurugram +85 other locations
Indian Army,4.7,6.2k,Defence & Aerospace , New Delhi +363 other locations
eClerx,3.1,6.2k,IT Services & Consulting , Pune +32 other locations
HCL Group,3.5,6.1k,IT Services & Consulting , Chennai +97 other locations
DMart,3.9,6k,Retail , Mumbai +247 other locations
Virtusa Consulting Services,3.7,6k,IT Services & Consulting , Hyderabad +55 other locations
Piramal Finance,4.2,6k,NBFC , Mumbai +424 other locations
Indiamart Intermesh,3.5,5.9k,Internet , Noida +173 other locations
HSBC Group,3.9,5.9k,Financial Services , Bengaluru +63 other locations
PolicyBazaar,3.8,5.9k,Internet , Gurugram +150 other locations
SMFG India Credit,3.9,5.8k,NBFC , Mumbai +596 other locations
Access Healthcare,3.7,5.8k,BPO , Chennai +63 other locations
BigBasket,3.9,5.8k,Internet , Bengaluru +142 other locations
Aurobindo Pharma,4.0,5.7k,Pharma , Hyderabad +115 other locations
Siemens,3.9,5.7k,Industrial Automation , Bengaluru +155 other locations
Udaan,3.9,5.7k,Internet , Bengaluru +367 other locations
GlobalLogic,3.5,5.7k,IT Services & Consulting , Hyderabad +61 other locations
Manappuram Finance,3.9,5.7k,NBFC , Bengaluru +657 other locations
Firstsource Solutions,3.5,5.7k,BPO , Bengaluru +74 other locations
Tata Capital,4.0,5.7k,NBFC , Mumbai +446 other locations
ICICI Lombard General Insurance Company,3.5,5.7k,Insurance , Mumbai +317 other locations
Shapoorji Pallonji Group,4.1,5.6k,Engineering & Construction , Mumbai +190 other locations
Standard Chartered,3.6,5.6k,Banking , Chennai +67 other locations
UST,3.7,5.6k,IT Services & Consulting , Bengaluru +51 other locations
Apollo Hospitals,4.1,5.6k,Healthcare , Chennai +228 other locations
Mahindra Finance,3.9,5.6k,NBFC , Mumbai +736 other locations
Bosch Global Software Technologies,3.7,5.6k,IT Services & Consulting , Bengaluru +47 other locations
Ashok Leyland,4.0,5.5k,Automobile , Chennai +266 other locations
Swiggy,3.7,5.5k,Internet , Bengaluru +235 other locations
Citicorp,3.7,5.4k,Financial Services , Pune +68 other locations
Hero MotoCorp,4.1,5.4k,Automobile , Gurugram +369 other locations
CGI Group,4.0,5.3k,IT Services & Consulting , Bengaluru +43 other locations
Cyient,3.6,5.3k,IT Services & Consulting , Hyderabad +49 other locations
SBI Cards & Payment Services,3.6,5.2k,Financial Services , Gurugram +443 other locations
BNY,3.6,5.2k,Financial Services , Pune +26 other locations
Kalpataru Projects International,4.2,5.2k,Engineering & Construction , Mumbai +324 other locations
IQVIA,3.7,5.1k,Clinical Research , Bengaluru +66 other locations
NTT DATA,3.8,5.1k,IT Services & Consulting , Bengaluru +81 other locations
JustDial,3.5,5.1k,Internet , Noida +232 other locations
Nagarjuna Construction Company,4.0,5.1k,Engineering & Construction , Hyderabad +299 other locations
SBI Life Insurance Company,3.7,5.1k,Insurance , Mumbai +657 other locations
Schneider Electric,4.1,5.1k,Industrial Automation , Bengaluru +119 other locations
CBRE,4.1,5k,Real Estate , Hyderabad +91 other locations
TVS Motor,3.9,5k,Automobile , Hosur +352 other locations
Persistent Systems,3.6,5k,IT Services & Consulting , Pune +41 other locations
State Bank of India,3.8,4.9k,Banking , Mumbai +621 other locations
vivo,4.1,4.9k,Consumer Electronics & Appliances , Noida +415 other locations
Atos,3.8,4.9k,IT Services & Consulting , Pune +49 other locations
KEC International,4.0,4.8k,Engineering & Construction , Mumbai +312 other locations
Ecom Express,4.0,4.8k,Logistics , Gurugram +778 other locations
Amdocs,3.6,4.8k,Software Product , Pune +24 other locations
JBM Group,3.9,4.8k,Auto Components , Gurugram +118 other locations
ITC Infotech,3.8,4.8k,IT Services & Consulting , Bengaluru +68 other locations
Eviden,3.6,4.8k,IT Services & Consulting , Pune +39 other locations
Varun Beverages,4.0,4.8k,Beverage , New Delhi +382 other locations
Nagarro,3.9,4.7k,IT Services & Consulting , Gurugram +49 other locations
Bosch,4.1,4.6k,Auto Components , Bengaluru +132 other locations
Randstad,3.7,4.6k,Recruitment , Hyderabad +359 other locations
EY Global Delivery Services ( EY GDS),3.5,4.6k,IT Services & Consulting , Bengaluru +56 other locations
Utkarsh Small Finance Bank,3.6,4.6k,Banking , Varanasi +407 other locations
Hewlett Packard Enterprise,4.1,4.6k,IT Services & Consulting , Bengaluru +104 other locations
Home Credit Finance,4.0,4.5k,NBFC , Gurugram +138 other locations
Aditya Birla Fashion and Retail,4.0,4.5k,Fashion & Textile , Bengaluru +292 other locations
Cars24,3.5,4.5k,Internet , Gurugram +171 other locations
Mahindra Logistics,3.7,4.5k,Logistics , Mumbai +235 other locations
Havells,3.9,4.5k,Electrical Equipment , Noida +263 other locations
L&T Finance,3.9,4.5k,NBFC , Mumbai +638 other locations
Dell,3.8,4.5k,Consumer Electronics & Appliances , Bengaluru +118 other locations
R1 RCM,3.8,4.5k,BPO , New Delhi +46 other locations
Intas Pharmaceuticals,4.1,4.5k,Pharma , Ahmedabad +150 other locations
OPPO,3.9,4.5k,Consumer Electronics & Appliances , Greater Noida +412 other locations
Tata AIA Life Insurance,3.9,4.4k,Insurance , Mumbai +445 other locations
Hetero,3.9,4.4k,Pharma , Hyderabad +68 other locations
Hyundai Motor India Limited,4.1,4.4k,Automobile , Chennai +286 other locations
Deutsche Bank,3.8,4.4k,Banking , Pune +42 other locations
Motilal Oswal Financial Services,3.7,4.4k,Financial Services , Mumbai +170 other locations
Berger Paints,3.7,4.4k,Chemicals , Kolkata +358 other locations
TeamLease Services,3.9,4.3k,Recruitment , Bengaluru +401 other locations
Lenskart,3.3,4.3k,Internet , New Delhi +244 other locations
VE Commercial Vehicles,3.9,4.3k,Automobile , Indore +181 other locations
Thermax Limited,4.2,4.2k,Industrial Machinery , Pune +255 other locations
Bajaj Auto,3.8,4.2k,Automobile , Pune +321 other locations
Macleods Pharmaceuticals,3.7,4.2k,Pharma , Mumbai +135 other locations
Jubilant Foods Works,3.7,4.2k,Hospitality , New Delhi +262 other locations
Aakash Educational Services,3.2,4.1k,Education & Training , New Delhi +247 other locations
Kogta Financial India Limited,4.7,4.1k,NBFC , Jaipur +260 other locations
LG Electronics,3.9,4.1k,Consumer Electronics & Appliances , Pune +300 other locations
Hindalco Industries,4.2,4.1k,Metals & Mining , Sambalpur +129 other locations
Jindal Steel Limited,3.9,4.1k,Iron & Steel , Angul +175 other locations
Royal Enfield,4.2,4.1k,Automobile , Chennai +376 other locations
State Street Corporation,3.5,4.1k,Financial Services , Bengaluru +35 other locations
DCB Bank,3.8,4k,Banking , Mumbai +344 other locations
Tata Communications,3.9,4k,Telecom , Pune +102 other locations
HDFC Ergo General Insurance,4.0,4k,Insurance , Mumbai +328 other locations
John Deere,4.0,4k,Industrial Machinery , Pune +154 other locations
RBL Bank,3.5,4k,Banking , Mumbai +288 other locations
Cummins,4.3,3.9k,Industrial Machinery , Pune +116 other locations
Publicis Sapient,3.3,3.9k,IT Services & Consulting , Bengaluru +46 other locations
Bank of America,4.1,3.9k,Banking , Gurugram +35 other locations
Alembic Pharmaceuticals,3.9,3.9k,Pharma , Vadodara +187 other locations
Pidilite Industries,4.2,3.9k,Chemicals , Mumbai +320 other locations
Oyo Rooms,3.0,3.9k,Internet , Gurugram +121 other locations
American Express,4.1,3.8k,Financial Services , Gurugram +53 other locations
Subros,3.8,3.8k,Auto Components , Noida +89 other locations
Aditya Birla Sun Life Insurance,4.0,3.8k,Insurance , Mumbai +495 other locations
Grasim Industries,4.0,3.8k,Building Material , Bharuch +247 other locations
Reliance Communications,4.0,3.8k,Telecom , Mumbai +468 other locations
Carelon Global Solutions,3.9,4.1k,IT Services & Consulting , Bengaluru +21 other locations
XpressBees,4.2,3.8k,Logistics , Pune +478 other locations
Altruist Technologies,4.4,3.8k,BPO , Bengaluru +43 other locations
Kyndryl,4.0,3.8k,IT Services & Consulting , Bengaluru +37 other locations
ADP Private Limited,3.9,3.8k,Software Product , Hyderabad +41 other locations
PNB MetLife,3.3,3.8k,Insurance , New Delhi +425 other locations
Viatris,4.1,3.8k,Pharma , Hyderabad +80 other locations
PVR INOX,3.9,3.8k,Media & Entertainment , New Delhi +149 other locations
Aditya Birla Capital,3.8,3.8k,NBFC , Mumbai +342 other locations
Escorts Kubota Limited,4.1,3.7k,Automobile , Faridabad +158 other locations
Maersk,4.0,3.7k,Logistics , Chennai +49 other locations
Cloudnine Hospital,4.4,3.7k,Healthcare , Bengaluru +46 other locations
Synechron,3.4,3.7k,IT Services & Consulting , Pune +33 other locations
KPIT Technologies,2.9,3.7k,Software Product , Pune +43 other locations
Birlasoft,3.5,3.7k,IT Services & Consulting , Pune +50 other locations
JK Cement,4.0,3.7k,Building Material , New Delhi +332 other locations
Glenmark Pharmaceuticals,3.8,3.7k,Pharma , Mumbai +187 other locations
Dabur,3.8,3.7k,FMCG , New Delhi +321 other locations
Sodexo,4.0,3.7k,Facility Management Services , Mumbai +160 other locations
Kotak Mahindra Life Insurance Company,3.5,3.6k,Insurance , Mumbai +257 other locations
Bharat Electronics,4.2,3.6k,Electronics Manufacturing , Bengaluru +87 other locations
Godrej & Boyce Manufacturing,3.9,3.6k,Consumer Electronics & Appliances , Mumbai +168 other locations
Cogent E Services,3.1,3.6k,BPO , Noida +56 other locations
Samvardhana Motherson Group,3.7,3.6k,Auto Components , Noida +94 other locations
Abbott,4.1,3.6k,Pharma , Mumbai +214 other locations
Ipca Laboratories,3.8,3.6k,Pharma , Mumbai +161 other locations
Aarti Industries,4.1,3.6k,Agro Chemicals , Bharuch +58 other locations
PhonePe,4.0,3.6k,FinTech , Bengaluru +398 other locations
Reliance Projects & Property Management Services,4.0,3.5k,Other , Kolkata +620 other locations
Indian Oil Corporation,4.3,3.5k,Oil & Gas , New Delhi +314 other locations
Reliance Digital,4.1,3.5k,Retail , Mumbai +379 other locations
MRF Tyres,3.6,3.5k,Auto Components , Chennai +194 other locations
Alkem Laboratories,3.9,3.5k,Pharma , Mumbai +200 other locations
Johnson Controls,3.5,3.5k,Industrial Automation , Pune +57 other locations
IGT Solutions,3.2,3.5k,BPO , New Delhi +47 other locations
UNO Minda,4.0,3.5k,Auto Components , Pune +110 other locations
"NTT DATA, Inc.",3.9,3.5k,IT Services & Consulting , Bengaluru +36 other locations
Honda Motorcycle & Scooter,4.1,3.5k,Automobile , Gurugram +300 other locations
ArcelorMittal Nippon Steel,4.1,3.4k,Iron & Steel , Surat +86 other locations
Blinkit,3.8,3.4k,Internet , Gurugram +150 other locations
Vishal Mega Mart,3.8,3.4k,Retail , New Delhi +377 other locations
[24]7.ai,3.4,3.4k,Software Product , Bengaluru +36 other locations
Hindustan Coca Cola Beverages,4.0,3.4k,Beverage , Bengaluru +262 other locations
UBS,3.8,3.4k,Financial Services , Pune +19 other locations
DTDC Express,3.7,3.4k,Logistics , New Delhi +271 other locations
IndusInd Nippon Life Insurance,3.4,3.4k,Mumbai +488 other locations,
Bajaj General Insurance Limited,3.7,3.4k,Insurance , Pune +303 other locations
ABB,4.0,3.4k,Industrial Machinery , Bengaluru +109 other locations
Ford Motor,4.2,3.4k,Automobile , Chennai +131 other locations
Barclays,3.7,3.3k,Banking , Pune +35 other locations
Ceat Tyres,3.9,3.3k,Auto Components , Nagpur +142 other locations
HARMAN,3.8,3.3k,Consumer Electronics & Appliances , Bengaluru +42 other locations
RSPL Group,4.0,3.3k,FMCG , Kanpur +256 other locations
AGS Health,4.0,3.3k,Analytics & KPO , Chennai +65 other locations
TVS Credit Services Ltd,4.2,3.3k,NBFC , Chennai +435 other locations
NatWest Group,4.0,3.3k,Banking , Gurugram +28 other locations
Croma,3.8,3.3k,Retail , Mumbai +192 other locations
InterGlobe Aviation,3.5,3.2k,Aviation , New Delhi +105 other locations
Alstom Transportation,3.7,3.2k,Engineering & Construction , Bengaluru +80 other locations
Niva Bupa Health Insurance Company,4.0,3.2k,Insurance , New Delhi +321 other locations
Conduent,3.4,3.2k,BPO , Bengaluru +34 other locations
Indian Air Force,4.6,3.2k,Defence & Aerospace , New Delhi +134 other locations
GeBBS Healthcare Solutions,3.7,3.2k,BPO , Mumbai +24 other locations
Tata Technologies,3.4,3.2k,Engineering & Construction , Pune +58 other locations
Tata AIG,4.0,3.2k,Insurance , Mumbai +260 other locations
Allcargo Logistics,3.8,3.2k,Logistics , Mumbai +175 other locations
UPL,4.1,3.2k,Agro Chemicals , Ankleshwar +185 other locations
Max Healthcare,3.9,3.1k,Healthcare , New Delhi +78 other locations
Marpu Foundation,4.9,3.1k,Non-Profit , Hyderabad +61 other locations
PepsiCo,4.1,3.1k,Food Processing , Hyderabad +279 other locations
Amazon Transportation Services,4.2,3.1k,Logistics , Hyderabad +226 other locations
Titan Company,4.2,3.1k,Retail , Bengaluru +185 other locations
Dilip Buildcon,3.9,3.1k,Engineering & Construction , Bhopal +229 other locations
Walmart,3.5,3.1k,Retail , Bengaluru +91 other locations
Mankind Pharma,3.8,3.1k,Pharma , New Delhi +247 other locations
Jindal Stainless,4.2,3.1k,Iron & Steel , Jajpur +78 other locations
Varroc Group,3.6,3.1k,Auto Components , Pune +62 other locations
S&P Global,4.0,3.1k,Analytics & KPO , Hyderabad +47 other locations
MSN Laboratories,3.6,3.1k,Pharma , Hyderabad +105 other locations
Societe Generale Global Solution Centre,3.6,3k,IT Services & Consulting , Bengaluru +23 other locations
Sagility,3.9,3k,BPO , Bengaluru +27 other locations
Quest Global,3.5,3k,IT Services & Consulting , Bengaluru +49 other locations
Afcons Infrastructure,4.2,3k,Engineering & Construction , Mumbai +122 other locations
Future Group,4.2,3k,Retail , Mumbai +207 other locations
Torrent Pharmaceuticals,4.0,3k,Pharma , Ahmedabad +130 other locations
Ola Electric Mobility,3.4,3k,Automobile , Bengaluru +429 other locations
IDFC FIRST Bharat,4.2,3k,Financial Services , Chennai +428 other locations
Square Yards,3.6,3k,Internet , Gurugram +51 other locations
ESAF Small Finance Bank,3.6,3k,Banking , Thrissur +446 other locations
HDFC Sales,3.9,3k,Financial Services , Mumbai +346 other locations
CMS IT Services,3.1,3k,IT Services & Consulting , Mumbai +152 other locations
Zensar Technologies,3.7,3k,IT Services & Consulting , Pune +29 other locations
I Process Services,3.8,2.9k,Recruitment , Mumbai +406 other locations
ACC,3.9,2.9k,Building Material , Mumbai +274 other locations
DS Group,4.1,2.9k,FMCG , Noida +283 other locations
Suzlon Group,4.0,2.9k,Power , Pune +141 other locations
Tata Elxsi,3.5,2.9k,IT Services & Consulting , Bengaluru +30 other locations
Eternal Limited,3.6,2.9k,Internet , Gurugram +220 other locations
Bharat Financial Inclusion,3.7,2.9k,Financial Services , Hyderabad +501 other locations
Fujitsu,3.8,2.9k,IT Services & Consulting , Pune +41 other locations
VVDN Technologies,3.6,2.9k,IT Services & Consulting , Gurugram +49 other locations
Indus Towers,3.6,2.9k,Telecom , Gurugram +242 other locations
Shoppers Stop,4.0,2.9k,Retail , Mumbai +82 other locations
Nokia,4.0,2.9k,Telecom , Bengaluru +167 other locations
Apollo Tyres,4.0,2.9k,Auto Components , Chennai +179 other locations
Yazaki,3.9,2.9k,Auto Components , Pune +94 other locations
IKS Health,3.6,2.9k,Healthcare , Mumbai +31 other locations
Shree Cement,3.8,2.8k,Building Material , Beawar +257 other locations
Fiserv,2.9,2.8k,FinTech , Pune +33 other locations
Britannia,4.0,2.8k,FMCG , Pune +307 other locations
UnitedHealth,4.0,2.8k,Healthcare , Hyderabad +18 other locations
Zepto,3.5,2.8k,Internet , Bengaluru +104 other locations
Landmark Group,3.8,2.8k,Retail , Bengaluru +175 other locations
SRF,4.1,2.8k,Chemicals , Bharuch +68 other locations
Tata Electronics,3.9,2.8k,Semiconductors , Hosur +50 other locations
Dalmia Bharat Cement,3.9,2.8k,Building Material , Guwahati +254 other locations
Kansai Nerolac Paints,3.8,2.7k,Chemicals , Mumbai +253 other locations
Blue Dart Express Ltd,3.9,2.7k,Logistics , Mumbai +279 other locations
Exide Industries,3.4,2.7k,Auto Components , Kolkata +201 other locations
Nestlé,3.8,2.7k,FMCG , Gurugram +281 other locations
Shell,3.9,2.7k,Oil & Gas , Bengaluru +91 other locations
Whitehat jr,3.3,2.7k,EdTech , Mumbai +48 other locations
KPMG Global Services,3.5,2.7k,Management Consulting , Bengaluru +37 other locations
ZS,3.1,2.7k,Management Consulting , Pune +17 other locations
Flex,3.9,2.7k,Electronics Manufacturing , Chennai +46 other locations
Micro Labs,3.6,2.7k,Pharma , Bengaluru +152 other locations
Star Health & Allied Insurance,3.5,2.7k,Insurance , Chennai +331 other locations
TVS Supply Chain Solutions,3.8,2.7k,Logistics , Chennai +154 other locations
ElasticRun,3.6,2.7k,Logistics , Pune +387 other locations
Capita,3.5,2.7k,BPO , Pune +31 other locations
KFintech,3.4,2.6k,Financial Services , Hyderabad +113 other locations
G4S,4.0,2.6k,Law Enforcement & Security , Gurugram +164 other locations
Voltas,4.0,2.6k,Consumer Electronics & Appliances , Mumbai +207 other locations
Exl India,3.5,2.6k,Logistics , New Delhi +45 other locations
Blue Star,4.1,2.6k,Consumer Electronics & Appliances , Mumbai +147 other locations
Sonalika Tractors,3.6,2.6k,Automobile , Hoshiarpur +194 other locations
Ajanta Pharma,3.9,2.6k,Pharma , Mumbai +118 other locations
BlackBuck,3.7,2.6k,Internet , Bengaluru +365 other locations
Care Health Insurance,3.6,2.6k,Insurance , Gurugram +246 other locations
Domino's Pizza,3.9,2.6k,Hospitality , New Delhi +251 other locations
Movate,3.1,2.6k,IT Services & Consulting , Chennai +38 other locations
Gallagher,3.7,2.6k,Insurance , Bengaluru +29 other locations
Physicswallah,3.6,2.6k,EdTech , Noida +126 other locations
NoBroker,3.0,2.6k,Internet , Bengaluru +47 other locations
Fortis Healthcare,4.0,2.6k,Healthcare , New Delhi +70 other locations
Adani Power,3.7,2.6k,Power , Mundra +128 other locations
Himalaya Wellness,4.0,2.6k,Pharma , Bengaluru +241 other locations
DBS Bank,3.7,2.5k,Banking , Hyderabad +177 other locations
Foxconn,3.9,2.5k,Electronics Manufacturing , Chennai +61 other locations
ACT Fibernet,3.9,2.5k,Telecom , Hyderabad +57 other locations
Foundever,3.3,2.5k,BPO , Hyderabad +22 other locations
Tata Advanced Systems,3.7,2.5k,Defence & Aerospace , Bengaluru +58 other locations
Sahrudaya Healthcare (Medicover Hospitals),4.4,2.5k,Healthcare , Hyderabad +46 other locations
Photon Interactive,4.1,2.5k,IT Services & Consulting , Chennai +19 other locations
BT Group,3.8,2.5k,Telecom , Gurugram +25 other locations
Sterlite Technologies,3.8,2.5k,Hardware & Networking , Chhatrapati Sambhajinagar +101 other locations
Bajaj Electricals,3.9,2.5k,Consumer Electronics & Appliances , Mumbai +234 other locations
V-Mart,4.1,2.5k,Retail , Gurugram +284 other locations
Alldigi Tech,3.9,2.5k,BPO , Chennai +36 other locations
IntouchCX,2.7,2.5k,BPO , Hyderabad +22 other locations
Sammaan Capital Limited,3.8,2.5k,NBFC , Gurugram +201 other locations
Tractors and Farm Equipment,3.9,2.5k,Industrial Machinery , Chennai +192 other locations
Northern Trust Operating Services,3.6,2.5k,Financial Services , Bengaluru +27 other locations
Laurus Labs,4.3,2.5k,Pharma , Visakhapatnam +34 other locations
JCB,3.9,2.5k,Industrial Machinery , Pune +113 other locations
Parle Agro,4.0,2.5k,Beverage , Mumbai +258 other locations
Canara HSBC Life Insurance,3.6,2.4k,Insurance , Gurugram +318 other locations
Planet Spark,3.8,2.4k,EdTech , Gurugram +61 other locations
McDonald's,3.8,2.4k,Hospitality , New Delhi +151 other locations
Patanjali Ayurved,3.9,2.4k,FMCG , Haridwar +301 other locations
ICICI Securities,3.9,2.4k,Financial Services , Mumbai +148 other locations
Paras Hospital,4.1,2.4k,Healthcare , Patna +62 other locations
Statestreet HCL Services,3.4,2.4k,BPO , Chennai +18 other locations
Hero FinCorp,3.9,2.4k,NBFC , New Delhi +393 other locations
Emcure Pharmaceuticals,3.6,2.4k,Pharma , Pune +116 other locations
Biocon Limited,4.1,2.4k,Biotechnology , Bengaluru +65 other locations
Intellect Design Arena,3.6,2.4k,Software Product , Chennai +40 other locations
Mahindra Rural Housing Finance,4.0,2.4k,NBFC , Mumbai +463 other locations
Mahindra Holidays & Resorts,3.5,2.4k,Hospitality , Mumbai +113 other locations
Datamatics Global Services,3.4,2.4k,IT Services & Consulting , Mumbai +37 other locations
Adani Group,3.8,2.4k,Power , Ahmedabad +197 other locations
CorroHealth Infotech,3.6,2.4k,Analytics & KPO , Hyderabad +35 other locations
Taj Hotels Resorts and Palaces,4.2,2.4k,Hospitality , Mumbai +110 other locations
Axis Direct,3.6,2.4k,Financial Services , Mumbai +271 other locations
Aditya Birla Group,4.1,2.4k,Metals & Mining , Mumbai +269 other locations
Cadila Pharmaceuticals,3.3,2.4k,Pharma , Ahmedabad +134 other locations
3i Infotech,3.4,2.4k,IT Services & Consulting , Mumbai +129 other locations
Cholamandalam MS General Insurance,3.7,2.4k,Insurance , Chennai +388 other locations
Syngene International,3.8,2.4k,Clinical Research , Bengaluru +21 other locations
Info Edge,3.9,2.4k,Internet , Noida +69 other locations
Capgemini Engineering,3.4,2.3k,IT Services & Consulting , Bengaluru +28 other locations
Bureau Veritas,3.8,2.3k,Other , Mumbai +146 other locations
KocharTech,3.6,2.3k,IT Services & Consulting , Kolkata +25 other locations
Delhi Public School,3.8,2.3k,Education & Training , New Delhi +275 other locations
TaskUs,3.0,2.3k,BPO , Indore +35 other locations
Aavas Financiers,4.0,2.3k,NBFC , Jaipur +294 other locations
RMSI,3.6,2.3k,IT Services & Consulting , Hyderabad +25 other locations
Cybage,3.8,2.3k,IT Services & Consulting , Pune +15 other locations
Xoriant,4.1,2.3k,IT Services & Consulting , Pune +23 other locations
Straive,3.3,2.3k,IT Services & Consulting , Chennai +31 other locations
Akums Drugs & Pharmaceuticals Limited,4.2,2.3k,Pharma , Haridwar +38 other locations
Sopra Steria,3.9,2.3k,IT Services & Consulting , Noida +20 other locations
Lifestyle,4.2,2.3k,Retail , Bengaluru +129 other locations
Kia India,4.0,2.3k,Automobile , Anantapur +188 other locations
GVK Emergency Management and Research Institute,3.6,2.3k,Non-Profit , Lucknow +213 other locations
Eureka Forbes,3.7,2.3k,Consumer Electronics & Appliances , Mumbai +184 other locations
Sobha,3.8,2.3k,Real Estate , Bengaluru +38 other locations
Apollo Pharmacy,3.6,2.3k,Pharma , Hyderabad +285 other locations
Lodha,4.1,2.3k,Real Estate , Mumbai +30 other locations
Unacademy,2.9,2.2k,EdTech , Bengaluru +73 other locations
Radisson Hotels,4.0,2.2k,Hospitality , New Delhi +129 other locations
Myntra,3.9,2.2k,Internet , Bengaluru +103 other locations
Endurance Technologies Limited,3.9,2.2k,Auto Components , Chhatrapati Sambhajinagar +51 other locations
SBI Securities,3.6,2.2k,Financial Services , Mumbai +317 other locations
Team Computers,3.6,2.2k,IT Services & Consulting , New Delhi +106 other locations
TCE,3.8,2.2k,Engineering & Construction , Mumbai +132 other locations
Panasonic Life Solutions India,3.9,2.2k,Consumer Electronics & Appliances , Haridwar +168 other locations
GAO Tek,4.5,2.2k,Electrical Equipment , New York +41 other locations
AWL Agri Business,4.0,2.2k,FMCG , Ahmedabad +201 other locations
Lava International,3.9,2.2k,Consumer Electronics & Appliances , Noida +222 other locations
Newgen Software Technologies,4.0,2.2k,IT Services & Consulting , Noida +32 other locations
Star Union Dai-ichi Life Insurance,3.8,2.2k,Insurance , Mumbai +319 other locations
Daikin Airconditioning India Pvt. Ltd.,4.2,2.2k,Consumer Electronics & Appliances , Neemrana +109 other locations
Whirlpool,4.0,2.2k,Consumer Electronics & Appliances , Pune +175 other locations
Indian Railways,4.2,2.2k,Railways , Kolkata +249 other locations
Cisco,4.1,2.2k,Hardware & Networking , Bengaluru +46 other locations
Bharti AXA Life Insurance,3.6,2.2k,Insurance , Mumbai +243 other locations
SBI General Insurance,3.6,2.2k,Insurance , Mumbai +289 other locations
GlaxoSmithKline Pharmaceuticals,4.0,2.2k,Pharma , Bengaluru +217 other locations
BNP Paribas,3.7,2.2k,Banking , Mumbai +27 other locations
Renault Nissan Technology & Business Centre India,3.7,2.2k,Automobile , Chennai +19 other locations
Coromandel International,4.1,2.2k,Agro Chemicals , Visakhapatnam +183 other locations
Meesho,3.7,2.2k,Internet , Bengaluru +133 other locations
Nokia Networks,4.1,2.2k,Hardware & Networking , Chennai +87 other locations
Shahi Exports,3.9,2.2k,Fashion & Textile , Bengaluru +72 other locations
Sify Technologies,3.6,2.2k,IT Services & Consulting , Chennai +133 other locations
ValueLabs,3.5,2.2k,IT Services & Consulting , Hyderabad +20 other locations
Ambuja Cements,3.8,2.2k,Building Material , Mumbai +259 other locations
Allstate,3.6,2.1k,Insurance , Pune +17 other locations
Bank of Baroda,3.5,2.1k,Banking , Mumbai +300 other locations
Microsoft Corporation,3.8,2.1k,Software Product , Bengaluru +47 other locations
Life Insurance Corporation of India,4.4,2.1k,Insurance , New Delhi +470 other locations
Brakes India,3.9,2.1k,Auto Components , Chennai +100 other locations
Huawei Technologies,4.0,2.1k,Telecom , Bengaluru +104 other locations
BHEL,4.2,2.1k,Electrical Equipment , Bengaluru +129 other locations
Cargill,3.9,2.1k,Food Processing , Bengaluru +122 other locations
Spark Minda,3.8,2.1k,Auto Components , Pune +75 other locations
upGrad,3.3,2.1k,EdTech , Bengaluru +49 other locations
Mercedes-Benz Research and Development India,3.6,2.1k,IT Services & Consulting , Bengaluru +52 other locations
Poonawalla Fincorp,3.5,2.1k,NBFC , Pune +262 other locations
CAMS,3.6,2.1k,Financial Services , Chennai +107 other locations
Power Mech Projects,3.8,2.1k,Engineering & Construction , Hyderabad +152 other locations
Simplex Infrastructures,3.4,2.1k,Engineering & Construction , Kolkata +138 other locations
FirstCry,3.6,2.1k,Retail , Pune +213 other locations
Generali Central Life Insurance,3.5,2.1k,Insurance , Mumbai +200 other locations
Pfizer,3.9,2.1k,Pharma , Visakhapatnam +133 other locations
Bharat Petroleum,4.1,2.1k,Oil & Gas , Mumbai +261 other locations
Saint-Gobain,3.8,2.1k,Building Material , Mumbai +104 other locations
JK Tyre,3.8,2.1k,Auto Components , Chennai +147 other locations
"Maruti Suzuki India Limited, Hansalpur",4.2,2.1k,Automobile , Ahmedabad +105 other locations
Jio Platforms,3.4,2.1k,IT Services & Consulting , Mumbai +103 other locations
Force Motors,3.7,2.1k,Automobile , Pune +106 other locations
Nuvoco Vistas,4.1,2.1k,Building Material , Kolkata +198 other locations
NTT DATA Business Solutions,4.1,2.1k,IT Services & Consulting , Bengaluru +32 other locations
Kotak Securities,3.5,2.1k,Financial Services , Mumbai +140 other locations
Manipal Hospitals,4.1,2.1k,Healthcare , Bengaluru +66 other locations
Ola Cabs,3.3,2.1k,Internet , Bengaluru +112 other locations
Raymond Lifestyle Limited,4.1,2.1k,Fashion & Textile , Mumbai +149 other locations
Reliance Trends,4.0,2.1k,Retail , Bengaluru +393 other locations
ITC Hotels,4.1,2k,Hospitality , Bengaluru +95 other locations
Renault-Nissan,4.1,2k,Automobile , Chennai +86 other locations
CitiusTech,3.2,2k,IT Services & Consulting , Mumbai +17 other locations
IndusInd General Insurance,3.6,2k,Insurance , Mumbai +193 other locations
Infinite Computer Solutions,3.3,2k,IT Services & Consulting , Bengaluru +36 other locations
Delphi TVS,3.9,2k,Auto Components , Chennai +60 other locations
Biological E,4.2,2k,Pharma , Hyderabad +72 other locations
Henry Harvin Education,3.6,2k,EdTech , Noida +33 other locations
Extramarks Education,3.3,2k,EdTech , Noida +111 other locations
Morgan Stanley,3.6,2k,Financial Services , Mumbai +19 other locations
SGS,3.8,2k,"Testing, Inspection and Certification (TIC) ", Mumbai +145 other locations
EPAM Systems,3.7,2k,IT Services & Consulting , Hyderabad +36 other locations
YASH Technologies,3.7,2k,IT Services & Consulting , Hyderabad +31 other locations
K12 Techno Services,3.7,2k,EdTech , Bengaluru +43 other locations
Senco Gold,4.4,2k,Jewellery , Kolkata +79 other locations
Novartis,4.1,2k,Pharma , Hyderabad +75 other locations
Ninjacart,3.8,2k,Internet , Bengaluru +112 other locations
State Street Syntel,3.7,2k,Financial Services , Mumbai +21 other locations
SAP,4.1,2k,Software Product , Bengaluru +54 other locations
IDBI Bank,3.4,2k,Banking , Mumbai +335 other locations
Narayana Health,4.0,2k,Healthcare , Bengaluru +64 other locations
HSBC Electronic Data Processing,4.0,2k,IT Services & Consulting , Bengaluru +19 other locations
AECOM,4.2,2k,Engineering & Construction , Gurugram +122 other locations
Aditya Birla Health Insurance Co,3.7,2k,Insurance , Mumbai +251 other locations
L&T Energy Hydrocarbon,3.8,1.9k,Engineering & Construction , Vadodara +88 other locations
Paisabazaar.com,3.4,1.9k,Internet , Gurugram +35 other locations
Honeywell Automation,3.7,1.9k,Industrial Automation , Pune +78 other locations
Haier Appliances India,4.0,1.9k,Consumer Electronics & Appliances , Pune +161 other locations
Shadowfax Technologies,3.5,1.9k,Logistics , Bengaluru +242 other locations
Schindler,3.9,1.9k,Industrial Machinery , Pune +88 other locations
Motherson Automotive Technologies and Engineering,3.8,1.9k,Auto Components , Chennai +68 other locations
Motherson Automotive Technologies and Engineering,3.8,1.9k,Auto Components , Chennai +68 other locations
R.R. Donnelley,3.6,1.9k,Marketing & Advertising , Chennai +26 other locations
Philips,3.8,1.9k,Medical Equipment , Bengaluru +97 other locations
Dr Lal PathLabs,4.2,1.9k,Healthcare , New Delhi +202 other locations
V-Guard Industries,4.3,1.9k,Consumer Electronics & Appliances , Kochi +169 other locations
NCR Voyix,3.5,1.9k,IT Services & Consulting , Hyderabad +90 other locations
Microland,3.5,1.9k,IT Services & Consulting , Bengaluru +45 other locations
Uflex,3.8,1.9k,Packaging , Noida +46 other locations
Parle Products,3.9,1.9k,FMCG , Mumbai +250 other locations
Gabriel India Limited,4.1,1.9k,Auto Components , Pune +52 other locations
CMS Infosystems,3.5,1.9k,Software Product , Mumbai +218 other locations
Spinny,3.7,1.9k,Internet , Gurugram +63 other locations
Globiva,3.0,1.9k,BPO , Gurugram +30 other locations
Crisil,3.5,1.9k,Analytics & KPO , Mumbai +81 other locations
Google,4.4,1.9k,Software Product , Bengaluru +86 other locations
Adecco Group,3.8,1.9k,Recruitment , Bengaluru +180 other locations
CNH (Case New Holland),3.7,1.9k,Industrial Machinery , Gurugram +136 other locations
Tekwissen,4.9,1.9k,IT Services & Consulting , Visakhapatnam +5 other locations
Lucas-TVS,3.9,1.9k,Auto Components , Chennai +77 other locations
Angel One,3.6,1.9k,FinTech , Mumbai +132 other locations
Aye Finance,4.1,1.9k,NBFC , Gurugram +367 other locations
DHL Supply Chain,4.2,1.9k,Logistics , Mumbai +101 other locations
Safexpress,3.9,1.9k,Logistics , New Delhi +159 other locations
Aadhar Housing Finance,4.0,1.9k,NBFC , Mumbai +325 other locations
G R Infraprojects,4.1,1.9k,Engineering & Construction , Gurugram +158 other locations
NTPC,4.2,1.9k,Power , New Delhi +125 other locations
HTC Global Services,3.4,1.9k,IT Services & Consulting , Chennai +32 other locations
Thomson Reuters,3.8,1.9k,Software Product , Bengaluru +27 other locations
Iris Software,3.8,1.9k,IT Services & Consulting , Noida +23 other locations
Tata Power,3.9,1.9k,Power , Mumbai +152 other locations
Infinx,3.7,1.9k,Software Product , Hyderabad +36 other locations
Tata Tele Business Services,3.6,1.9k,Telecom , Mumbai +136 other locations
Trident Group,3.3,1.9k,Fashion & Textile , Barnala +58 other locations
Hindustan Aeronautics,4.3,1.9k,Defence & Aerospace , Bengaluru +64 other locations
PI Industries,3.8,1.8k,Agro Chemicals , Vadodara +107 other locations
TVS Sundram Fasteners,3.6,1.8k,Auto Components , Chennai +66 other locations
Torrent Power,3.8,1.8k,Power , Ahmedabad +61 other locations
ICICI Home Finance,3.7,1.8k,Financial Services , Mumbai +219 other locations
KENT RO Systems,3.8,1.8k,Consumer Electronics & Appliances , Noida +154 other locations
CSB Bank,3.2,1.8k,Banking , Mumbai +234 other locations
NeoSOFT,3.4,1.8k,IT Services & Consulting , Mumbai +24 other locations
Aragen Life Sciences,3.9,1.8k,Clinical Research , Hyderabad +30 other locations
Jindal Saw,4.0,1.8k,Iron & Steel , Mundra +76 other locations
Medi Assist India,3.5,1.8k,Insurance , Bengaluru +66 other locations
First American (India),3.5,1.8k,Insurance , Bengaluru +22 other locations
Verizon,3.5,1.8k,Telecom , Hyderabad +11 other locations
Polycab Wires,4.0,1.8k,Electrical Equipment , Vadodara +166 other locations
TELUS Digital,3.6,1.8k,IT Services & Consulting , Noida +26 other locations
Honda Cars,4.3,1.8k,Automobile , Bhiwadi +117 other locations
AXA Global Business Services,3.8,1.8k,IT Services & Consulting , Pune +11 other locations
Fusion CX,3.3,1.8k,BPO , Kolkata +57 other locations
Infra.Market,3.9,1.8k,Building Material , Mumbai +132 other locations
AkzoNobel,4.1,1.8k,Chemicals , Pune +162 other locations
Sterling & Wilson,4.0,1.8k,Engineering & Construction , Mumbai +130 other locations
Capri Global Capital,3.6,1.8k,NBFC , New Delhi +332 other locations
Godrej Properties,3.6,1.8k,Real Estate , Mumbai +34 other locations
Innovsource Services,3.9,1.8k,Recruitment , Mumbai +251 other locations
Stellar Migration,1.3,1.8k,Other , Dubai +7 other locations
Haldiram Foods International Limited,3.8,1.8k,FMCG , Nagpur +166 other locations
DIVI'S Laboratories,3.6,1.8k,Pharma , Visakhapatnam +36 other locations
Cafe Coffee Day,3.7,1.8k,Hospitality , Bengaluru +105 other locations
MetLife,4.0,1.8k,Insurance , Noida +44 other locations
Hindustan Petroleum,4.2,1.8k,Oil & Gas , Mumbai +256 other locations
SS&C TECHNOLOGIES,3.2,1.8k,IT Services & Consulting , Mumbai +30 other locations
Digit Insurance,3.7,1.7k,Insurance , Bengaluru +88 other locations
Tata Communications Transformation Services,3.8,1.7k,Telecom , Pune +95 other locations
Kalyan Jewellers,4.4,1.7k,Jewellery , Thrissur +156 other locations
USHA International,4.1,1.7k,Consumer Electronics & Appliances , Gurugram +148 other locations
Reckitt Benckiser,3.9,1.7k,FMCG , Gurugram +135 other locations
Air India,3.4,1.7k,Aviation , New Delhi +68 other locations
Security and Intelligence Services (India),4.0,1.7k,Law Enforcement & Security , New Delhi +196 other locations
Future Retail,4.4,1.7k,Retail , Mumbai +197 other locations
Dhani Loans and Services,3.9,1.7k,NBFC , Gurugram +186 other locations
USV,4.0,1.7k,Pharma , Mumbai +108 other locations
Isgec Heavy Engineering,3.8,1.7k,Engineering & Construction , Noida +91 other locations
Vedantu,3.3,1.7k,EdTech , Bengaluru +72 other locations
HDFC Securities,3.4,1.7k,Financial Services , Mumbai +186 other locations
BT Business,3.9,1.7k,Telecom , Gurugram +12 other locations
LivSpace,3.3,1.7k,Architecture & Interior Design , Bengaluru +53 other locations
Pine Labs,3.3,1.7k,FinTech , Noida +119 other locations
Adani Green Energy,3.9,1.7k,Power , Ahmedabad +114 other locations
Annapurna Finance,3.9,1.7k,NBFC , Bhubaneswar +395 other locations
Bata,3.5,1.7k,Fashion & Textile , Gurugram +149 other locations
XBP Global,3.2,1.7k,Internet , Chennai +23 other locations
Metro Cash & Carry,4.0,1.7k,Retail , Bengaluru +88 other locations
BVG India,4.2,1.7k,Facility Management Services , Pune +135 other locations
Mother Dairy Fruit & Vegetable,4.0,1.7k,Food Processing , New Delhi +127 other locations
Indian Navy,4.6,1.7k,Defence & Aerospace , Mumbai +74 other locations
Granules India Limited,3.8,1.7k,Pharma , Hyderabad +22 other locations
NEC,4.0,1.7k,IT Services & Consulting , Noida +54 other locations
Provana,3.9,1.7k,BPO , Noida +11 other locations
Sysnet Global Technologies,3.7,1.7k,IT Services & Consulting , New Delhi +153 other locations
Rungta Mines,4.0,1.7k,Metals & Mining , Chaibasa +56 other locations
Cavinkare,4.0,1.7k,FMCG , Chennai +172 other locations
Orange Business,4.1,1.7k,IT Services & Consulting , Gurugram +52 other locations
Orchids International School,3.9,1.7k,Education & Training , Bengaluru +33 other locations
Medanta the Medicity,4.0,1.7k,Healthcare , Gurugram +49 other locations
Hitachi Astemo,4.0,1.7k,Auto Components , Neemrana +51 other locations
FactSet,3.7,1.7k,Analytics & KPO , Hyderabad +17 other locations
Caterpillar Inc,4.1,1.7k,Industrial Machinery , Chennai +43 other locations
Caterpillar Inc,4.1,1.7k,Industrial Machinery , Chennai +43 other locations
HighRadius,2.5,1.7k,Software Product , Hyderabad +15 other locations
Frankfinn Institute of Air Hostess Training,3.9,1.7k,Education & Training , Gurugram +60 other locations
Cushman & Wakefield,4.1,1.7k,Real Estate , Gurugram +44 other locations
KONE,4.1,1.6k,Industrial Machinery , Chennai +72 other locations
Yamaha Motor,4.1,1.6k,Automobile , Chennai +155 other locations
MagicBricks,4.0,1.6k,Internet , Noida +35 other locations
Rane (Madras),3.9,1.6k,Auto Components , Chennai +57 other locations
DHL Express,4.1,1.6k,Logistics , Mumbai +90 other locations
JSW Bhushan Power & Steel,4.0,1.6k,Iron & Steel , Jharsuguda +65 other locations
BA Continuum,3.9,1.6k,IT Services & Consulting , Hyderabad +18 other locations
L.G.Balakrishnan & Bros,3.5,1.6k,Auto Components , Coimbatore +61 other locations
Procter & Gamble,4.0,1.6k,FMCG , Mumbai +252 other locations
Compass Group Support Services,4.0,1.6k,Facility Management Services , Bengaluru +77 other locations
Wipro Enterprises Ltd,3.8,1.6k,FMCG , Bengaluru +122 other locations
American Broadcasting Company,4.0,1.6k,Engineering & Construction , Bengaluru +105 other locations
Johnson & Johnson,4.0,1.6k,Healthcare , Mumbai +172 other locations
Tata Play,3.9,1.6k,Broadcasting , Mumbai +222 other locations
Matrimony.com,4.0,1.6k,Internet , Chennai +64 other locations
Vardhman Fabrics,4.0,1.6k,Fashion & Textile , Baddi +63 other locations
CG Power and Industrial Solutions,3.8,1.6k,Electrical Equipment , Bhopal +91 other locations
Patanjali Foods,3.7,1.6k,FMCG , Haridwar +233 other locations
Hero Motors Company,3.9,1.6k,Automobile , Ghaziabad +231 other locations
Clover Infotech,3.4,1.6k,IT Services & Consulting , Mumbai +22 other locations
Chegg,4.1,1.6k,EdTech , New Delhi +77 other locations
Belrise Industries,3.7,1.6k,Auto Components , Pune +58 other locations
Arvind Group,4.0,1.6k,Fashion & Textile , Ahmedabad +91 other locations
Suryoday Small Finance Bank,4.0,1.6k,Banking , Mumbai +232 other locations
CMA CGM,3.9,1.6k,Ports & Shipping , Chennai +37 other locations
Krishna Maruti,3.8,1.6k,Auto Components , Gurugram +50 other locations
NielsenIQ,3.5,1.6k,Analytics & KPO , Chennai +54 other locations
Tata 1mg,3.6,1.6k,Internet , Gurugram +62 other locations
HERE Technologies,3.8,1.6k,IT Services & Consulting , Mumbai +19 other locations
ReNew,4.2,1.6k,Power , Gurugram +105 other locations
Marico,3.8,1.6k,FMCG , Mumbai +183 other locations
Toyota Kirloskar Motor,4.3,1.6k,Automobile , Bengaluru +90 other locations
IIFL SAMASTA,3.7,1.6k,NBFC , Bengaluru +397 other locations
Coronis Ajuba Solutions,3.9,1.6k,BPO , Chennai +31 other locations
Godrej Industries Group,3.9,1.6k,Real Estate , Mumbai +149 other locations
PharmEasy,3.7,1.6k,Internet , Bengaluru +70 other locations
Welspun Living Limited,3.9,1.6k,Fashion & Textile , Anjar +86 other locations
Dixon Technologies,3.9,1.6k,Electronics Manufacturing , Noida +46 other locations
Goldman Sachs,3.3,1.6k,Financial Services , Bengaluru +23 other locations
Wockhardt,3.8,1.6k,Pharma , Chhatrapati Sambhajinagar +84 other locations
Honda,4.1,1.6k,Automobile , Gurugram +228 other locations
Satin Creditcare Network,3.9,1.6k,NBFC , Gurugram +326 other locations
Emami,3.8,1.6k,FMCG , Kolkata +175 other locations
Shriram Life Insurance,3.5,1.6k,Insurance , Hyderabad +325 other locations
Veritas Finance,4.3,1.6k,NBFC , Chennai +298 other locations
Health Care Global Enterprises,4.3,1.6k,Healthcare , Bengaluru +53 other locations
Teva Pharmaceuticals,3.9,1.6k,Pharma , Bengaluru +52 other locations
ZF Commercial Vehicle Control Systems,3.8,1.6k,Auto Components , Chennai +48 other locations
iOPEX Technologies,3.2,1.6k,IT Services & Consulting , Chennai +16 other locations
Supreme Industries,4.1,1.5k,Petrochemicals , Gwalior +123 other locations
Mercer,3.6,1.5k,Management Consulting , New Delhi +17 other locations
KFC,4.0,1.5k,Hospitality , New Delhi +173 other locations
Sanofi,4.0,1.5k,Pharma , Hyderabad +92 other locations
Relaxo Footwear,4.0,1.5k,Fashion & Textile , New Delhi +158 other locations
Asahi India Glass,3.8,1.5k,Auto Components , Chennai +88 other locations
Urban Company,3.3,1.5k,Internet , Gurugram +59 other locations
Broadridge Financial Solutions,3.8,1.5k,FinTech , Hyderabad +14 other locations
Cemindia Projects,4.2,1.5k,Engineering & Construction , Kolkata +88 other locations
IFB,3.6,1.5k,Consumer Electronics & Appliances , Bengaluru +177 other locations
Amul India,4.0,1.5k,Food Processing , Ahmedabad +205 other locations
IndiaFirst Life Insurance,3.8,1.5k,Insurance , Mumbai +245 other locations
Bajaj Capital,3.6,1.5k,Financial Services , New Delhi +173 other locations
Marriott International,4.1,1.5k,Hospitality , Bengaluru +90 other locations
Dainik Bhaskar Group,4.2,1.5k,Printing & Publishing , Bhopal +137 other locations
Suguna Foods,4.0,1.5k,Food Processing , Coimbatore +204 other locations
Gujarat Fluorochemicals,3.9,1.5k,Chemicals , Bharuch +32 other locations
Kotak Mahindra Prime,3.9,1.5k,NBFC , Mumbai +174 other locations
Nayara Energy,4.2,1.5k,Oil & Gas , Jamnagar +99 other locations
HCL Infosystems,4.0,1.5k,IT Services & Consulting , Noida +105 other locations
Muthoot Microfin,4.2,1.5k,NBFC , Kochi +408 other locations
Hinduja Leyland Finance,3.9,1.5k,NBFC , Chennai +300 other locations
Tesco,3.6,1.5k,Retail , Bengaluru +17 other locations
Bisleri,4.2,1.5k,Beverage , Mumbai +179 other locations
SHYAM METALICS AND ENERGY,3.4,1.5k,Metals & Mining , Kolkata +75 other locations
Lumax Industries,3.9,1.5k,Auto Components , Gurugram +41 other locations
XL Dynamics,3.6,1.5k,IT Services & Consulting , Mumbai +32 other locations
Patra India,3.6,1.5k,BPO , Visakhapatnam +26 other locations
Steel Strips Wheels,3.8,1.5k,Auto Components , Chennai +51 other locations
Oracle Cerner,3.4,1.5k,Software Product , Bengaluru +7 other locations
Evalueserve,3.0,1.5k,Analytics & KPO , Gurugram +15 other locations
GMR Group,3.9,1.5k,Engineering & Construction , New Delhi +72 other locations
Karur Vysya Bank,3.5,1.5k,Banking , Chennai +189 other locations
Tata Consumer Products,3.5,1.5k,FMCG , Bengaluru +221 other locations
GE VERNOVA,4.1,1.5k,Power , Bengaluru +83 other locations
Canara Bank,3.6,1.5k,Banking , Bengaluru +223 other locations
Piramal Pharma,4.0,1.5k,Pharma , Mumbai +83 other locations
SAI Life Sciences,3.9,1.5k,Clinical Research , Hyderabad +26 other locations
Ashoka Buildcon,4.1,1.5k,Engineering & Construction , Nashik +155 other locations
Max Fashion,4.0,1.5k,Retail , Bengaluru +153 other locations
Page Industries,4.1,1.5k,Fashion & Textile , Bengaluru +164 other locations
Honeywell Technology Solutions,3.7,1.5k,Industrial Automation , Bengaluru +18 other locations
QualityKiosk Technologies,3.2,1.5k,IT Services & Consulting , Mumbai +20 other locations
Tanishq,4.1,1.5k,Jewellery , Kolkata +236 other locations
Wheelseye Technology,3.4,1.5k,Internet , Gurugram +225 other locations
Taurus BPO Services,4.1,1.4k,BPO , Pune +23 other locations
Tata AutoComp Systems,3.8,1.4k,Auto Components , Pune +44 other locations
Sonata Software,3.4,1.4k,IT Services & Consulting , Bengaluru +16 other locations
Gland Pharma,4.0,1.4k,Pharma , Hyderabad +35 other locations
Tata Group,4.2,1.4k,IT Services & Consulting , Mumbai +170 other locations
ISS Facility Services,4.0,1.4k,Facility Management Services , Mumbai +66 other locations
Devyani International,3.8,1.4k,Hospitality , New Delhi +135 other locations
Oberoi Group of Hotels,4.1,1.4k,Hospitality , New Delhi +38 other locations
Airtel Payments Bank,3.8,1.4k,Banking , Gurugram +332 other locations
Daimler India Commercial Vehicles,3.9,1.4k,Automobile , Chennai +48 other locations
Valeo,4.0,1.4k,Auto Components , Chennai +23 other locations
Indoco Remedies,3.5,1.4k,Pharma , Mumbai +83 other locations
Aon,3.8,1.4k,Management Consulting , Bengaluru +25 other locations
V5 Global Services,3.9,1.4k,Recruitment , New Delhi +215 other locations
NIIT,3.5,1.4k,Education & Training , Gurugram +102 other locations
Acuity Analytics,3.2,1.4k,Analytics & KPO , Bengaluru +16 other locations
Narayana Educational Society,3.5,1.4k,Education & Training , Hyderabad +144 other locations
Heritage Foods,4.0,1.4k,Food Processing , Hyderabad +126 other locations
Apco Infratech,3.8,1.4k,Engineering & Construction , Lucknow +95 other locations
Hyatt Regency,4.0,1.4k,Hospitality , New Delhi +50 other locations
Bharat Forge,3.7,1.4k,Auto Components , Pune +28 other locations
Acmegrade,3.9,1.4k,EdTech , Bengaluru +21 other locations
Amneal Pharmaceuticals,4.2,1.4k,Pharma , Ahmedabad +44 other locations
Agilus Diagnostics,4.1,1.4k,Healthcare , Mumbai +136 other locations
Chandigarh University,4.2,1.4k,Education & Training , Chandigarh +48 other locations
PNB Housing Finance,3.8,1.4k,NBFC , New Delhi +168 other locations
Apexon,3.2,1.4k,IT Services & Consulting , Bengaluru +21 other locations
SBFC Finance,3.8,1.4k,NBFC , Mumbai +218 other locations
Happiest Minds Technologies,3.4,1.4k,IT Services & Consulting , Bengaluru +17 other locations
Sony,4.1,1.4k,Consumer Electronics & Appliances , New Delhi +145 other locations
IDC Technologies,3.1,1.4k,IT Services & Consulting , Noida +66 other locations
Tieto,4.1,1.4k,IT Services & Consulting , Pune +14 other locations
AB InBev India,3.3,1.4k,Beverage , Bengaluru +77 other locations
Jaquar,4.0,1.4k,Building Material , Gurugram +114 other locations
Morningstar,3.7,1.4k,Financial Services , Mumbai +18 other locations
Labmentix,4.5,1.4k,Bengaluru +31 other locations,
CIE Automotive India Limited (Formerly known as Mahindra CIE Automotive Limited),3.6,1.4k,Auto Components , Pune +47 other locations
Altimetrik,3.5,1.4k,IT Services & Consulting , Bengaluru +14 other locations
Aumovio,3.8,1.4k,Auto Components , Bengaluru +21 other locations
J. Kumar Infraprojects,4.1,1.4k,Engineering & Construction , Mumbai +41 other locations
The Muthoot Group,3.6,1.4k,Financial Services , New Delhi +310 other locations
Amara Raja Energy & Mobility,4.0,1.4k,Auto Components , Tirupati +93 other locations
TCS iON,3.8,1.4k,IT Services & Consulting , Chennai +115 other locations
Indegene,3.3,1.4k,Analytics & KPO , Bengaluru +32 other locations
Slk Software Services,3.2,1.4k,IT Services & Consulting , Bengaluru +15 other locations
Vfs Global Services,3.4,1.4k,IT Services & Consulting , Mumbai +32 other locations
Xiaomi,3.8,1.4k,Consumer Electronics & Appliances , Bengaluru +212 other locations
VLCC,3.3,1.4k,Beauty & Personal Care , New Delhi +111 other locations
Adobe,3.7,1.4k,Software Product , Bengaluru +21 other locations
Unisys,3.5,1.4k,IT Services & Consulting , Bengaluru +18 other locations
Infogain,3.5,1.4k,IT Services & Consulting , Bengaluru +23 other locations
Nykaa,3.4,1.4k,Internet , Mumbai +116 other locations
FedEx Express,4.0,1.4k,Logistics , Mumbai +94 other locations
Sansera Engineering,4.0,1.4k,Auto Components , Bengaluru +28 other locations
DCM Shriram,4.1,1.4k,Chemicals , Bharuch +109 other locations
AtkinsRealis,3.7,1.4k,Engineering & Construction , Bengaluru +54 other locations
Kantar,3.5,1.4k,Analytics & KPO , Bengaluru +44 other locations
MedPlus,3.6,1.4k,Retail , Hyderabad +140 other locations
Oracle Financial Services Software,3.4,1.4k,Software Product , Bengaluru +22 other locations
Sheenlac Paints,4.2,1.4k,Chemicals , Chennai +162 other locations
Faurecia,3.9,1.4k,Auto Components , Pune +28 other locations
Eaton,4.0,1.4k,Electronics Manufacturing , Pune +22 other locations
EOSGlobe,2.9,1.4k,BPO , Mumbai +29 other locations
Paytm Payments Bank,3.8,1.4k,Banking , Noida +137 other locations
Aforeserve,3.4,1.4k,IT Services & Consulting , Mumbai +158 other locations
Worley,4.1,1.4k,Engineering & Construction , Mumbai +56 other locations
Fino Payments Bank,3.8,1.4k,Banking , Mumbai +271 other locations
Amity University,3.6,1.3k,Education & Training , Noida +86 other locations
VOIS,3.8,1.3k,IT Services & Consulting , Pune +21 other locations
Chetu,3.6,1.4k,Software Product , Noida +14 other locations
Sharekhan,3.7,1.3k,Financial Services , Mumbai +113 other locations
Bajaj Housing Finance,3.6,1.3k,NBFC , Pune +169 other locations
mPokket,4.4,1.3k,NBFC , Kolkata +21 other locations
City Union Bank,3.0,1.3k,Banking , Chennai +193 other locations
Aerial Telecom Solutions,4.2,1.3k,Telecom , Sahibzada Ajit Singh Nagar +111 other locations
TEKsystems,3.2,1.3k,IT Services & Consulting , Bengaluru +18 other locations
JioMart,3.9,1.3k,Retail , Mumbai +297 other locations
DEXIT Global,3.5,1.3k,IT Services & Consulting , Mumbai +151 other locations
TÜV SÜD,3.9,1.3k,"Testing, Inspection and Certification (TIC) ", Bengaluru +126 other locations
iMerit,3.2,1.3k,IT Services & Consulting , Kolkata +22 other locations
Novo Nordisk,3.6,1.3k,Pharma , Bengaluru +73 other locations
Bharat FIH,3.7,1.3k,Electronics Manufacturing , Chennai +39 other locations
Rashmi Metaliks,3.2,1.3k,Iron & Steel , Kharagpur +42 other locations
Fusion Finance,3.9,1.4k,NBFC , New Delhi +330 other locations
Iffco Tokio General Insurance Co.,3.8,1.3k,Insurance , Gurugram +279 other locations
Big Bazaar,4.3,1.3k,Retail , New Delhi +159 other locations
Collabera Talent Solutions,3.5,1.3k,Recruitment , Bengaluru +43 other locations
Sunknowledge Services,3.5,1.3k,BPO , Kolkata +13 other locations
Unichem Laboratories,3.7,1.3k,Pharma , Ghaziabad +76 other locations
GE,4.1,1.3k,Defence & Aerospace , Bengaluru +76 other locations
JSW Cement,4.0,1.3k,Building Material , Mumbai +142 other locations
Incedo,3.0,1.3k,IT Services & Consulting , Gurugram +13 other locations
Citco,3.1,1.3k,Management Consulting , Pune +13 other locations
Burger King,3.9,1.3k,Hospitality , New Delhi +109 other locations
Aptara,3.1,1.3k,Content Development , Noida +14 other locations
Hindware Limited,3.9,1.3k,Building Material , Hyderabad +133 other locations
TE Connectivity,4.1,1.3k,Electronics Manufacturing , Bengaluru +22 other locations
FDC,3.7,1.3k,Pharma , Mumbai +126 other locations
INDIUM,4.0,1.3k,IT Services & Consulting , Chennai +13 other locations
ZF Steering Gear,3.7,1.3k,Auto Components , Pune +34 other locations
ManpowerGroup,3.6,1.3k,Recruitment , Bengaluru +148 other locations
The Ramco Cements,4.0,1.3k,Building Material , Chennai +123 other locations
CreditAccess Grameen,4.0,1.3k,NBFC , Bengaluru +343 other locations
Hatsun Agro Product,3.8,1.3k,Food Processing , Chennai +127 other locations
Spicejet,3.4,1.3k,Aviation , New Delhi +60 other locations
VIBGYOR Group of Schools,3.5,1.3k,Education & Training , Bengaluru +37 other locations
RBL FinServe,3.9,1.3k,Financial Services , Mumbai +364 other locations
Nippon Paint India,4.0,1.3k,Chemicals , Chennai +163 other locations
Grant Thornton,3.4,1.3k,Accounting & Auditing , Bengaluru +59 other locations
Bluestock ™,4.5,1.3k,FinTech , Pune +43 other locations
Atul,3.9,1.3k,Chemicals , Valsad +64 other locations
Cinépolis,3.8,1.3k,Media & Entertainment , New Delhi +59 other locations
GEP Worldwide,3.6,1.3k,IT Services & Consulting , Mumbai +17 other locations
R Systems International,3.5,1.3k,IT Services & Consulting , Noida +23 other locations
Shubham Housing Development Finance,3.9,1.3k,NBFC , New Delhi +158 other locations
Punjab National Bank,3.8,1.3k,Banking , New Delhi +216 other locations
Fabindia,3.8,1.3k,Retail , New Delhi +82 other locations
Brillio,3.4,1.3k,IT Services & Consulting , Bengaluru +14 other locations
Hindustan Construction Company,4.3,1.3k,Engineering & Construction , Mumbai +94 other locations
CenturyPly,3.8,1.3k,Furniture & Furnishing , Kolkata +143 other locations
Pantaloons,4.1,1.3k,Retail , Mumbai +155 other locations
Decathlon,3.7,1.3k,Retail , Bengaluru +71 other locations
Baroda Global Shared Services,3.8,1.3k,BPO , Gandhinagar +179 other locations
OM Logistics,3.9,1.3k,Logistics , New Delhi +123 other locations
Mondelez International,4.1,1.3k,Food Processing , Mumbai +198 other locations
More Supermarket,3.7,1.3k,Retail , Bengaluru +163 other locations
Luminous Power Technologies,4.1,1.3k,Consumer Electronics & Appliances , Gurugram +135 other locations
Sigma Electric Manufacturing Corporation,4.0,1.3k,Industrial Machinery , Pune +23 other locations
AGS Transact Technologies,2.8,1.3k,FinTech , Mumbai +122 other locations
Panasonic,4.0,1.3k,Consumer Electronics & Appliances , Gurugram +125 other locations
Viraj Profiles,4.0,1.3k,Iron & Steel , Mumbai +26 other locations
Troikaa Pharmaceuticals,4.0,1.3k,Pharma , Ahmedabad +105 other locations
Vestas,4.1,1.3k,Power , Chennai +50 other locations
Jakson Group,4.1,1.3k,Power , Noida +101 other locations
OpenText Technologies,3.4,1.2k,Software Product , Bengaluru +14 other locations
Ion Exchange India,3.7,1.2k,Waste Management , Mumbai +125 other locations
Automotive Manufacturers,3.9,1.2k,Automobile , Hyderabad +148 other locations
Globant,3.4,1.2k,IT Services & Consulting , Pune +17 other locations
Dell EMC,3.8,1.2k,IT Services & Consulting , Bengaluru +53 other locations
Samsung Research,3.0,1.2k,IT Services & Consulting , Bengaluru +19 other locations
Centre for Development of Advanced Computing,3.7,1.2k,IT Services & Consulting , Pune +41 other locations
ICICI Prudential Mutual Fund,3.9,1.2k,Financial Services , Mumbai +168 other locations
NetAmbit,4.0,1.2k,BPO , Noida +145 other locations
Tenneco,3.6,1.2k,Auto Components , Pune +45 other locations
Jindal X,3.5,1.2k,BPO , New Delhi +22 other locations
ANZ Banking Group,3.8,1.2k,Banking , Bengaluru +18 other locations
Electronics Corporation of India Limited,4.2,1.2k,Electronics Manufacturing , Hyderabad +56 other locations
SK Finance Limited,3.8,1.2k,NBFC , Jaipur +269 other locations
Godrej Consumer Products,4.0,1.2k,FMCG , Mumbai +149 other locations
SKF,4.0,1.2k,Auto Components , Pune +69 other locations
Royal Migration Solutions,4.9,1.2k,Other , Dubai +12 other locations
Astral Pipe,4.0,1.3k,Building Material , Ahmedabad +142 other locations
Oil And Natural Gas Corporation,4.4,1.2k,Oil & Gas , Mumbai +84 other locations
Fresenius Kabi,4.0,1.2k,Pharma , Pune +64 other locations
PNC Infratech,3.8,1.2k,Engineering & Construction , Agra +95 other locations
T-Systems ICT India,3.8,1.2k,IT Services & Consulting , Pune +16 other locations
Apex Group,2.7,1.2k,Financial Services , Pune +28 other locations
R.V.R. PROJECTS,3.9,696,Engineering & Construction , Hyderabad +211 other locations
Intertek,3.7,1.2k,"Testing, Inspection and Certification (TIC) ", New Delhi +114 other locations
iSON Xperiences,3.3,1.2k,BPO , Chennai +43 other locations
Synchrony,4.3,1.2k,Financial Services , Hyderabad +9 other locations
Spandana Sphoorty Financial,3.7,1.2k,NBFC , Hyderabad +351 other locations
Rupeek,4.1,1.2k,FinTech , Bengaluru +57 other locations
Mu Sigma,2.4,1.2k,Analytics & KPO , Bengaluru +16 other locations
Aarvee Associates,3.7,1.2k,Engineering & Construction , Hyderabad +170 other locations
Shriram Pistons & Rings,4.1,1.2k,Auto Components , Bhiwadi +62 other locations
H.G. Infra Engineering,4.0,1.2k,Engineering & Construction , Jaipur +99 other locations
AIIMS,4.1,1.2k,Education & Training , New Delhi +74 other locations
Zoho,4.2,1.2k,Software Product , Chennai +36 other locations
Prodapt,3.5,1.2k,IT Services & Consulting , Chennai +16 other locations
Qualcomm,3.7,1.2k,Semiconductors , Hyderabad +18 other locations
Wind World,4.0,1.2k,Power , Jaisalmer +82 other locations
Dassault Systemes,3.8,1.2k,Software Product , Pune +12 other locations
PHN Technology,4.3,1.2k,EdTech , Pune +32 other locations
KIMS Hospital,3.8,1.2k,Healthcare , Hyderabad +60 other locations
Kalpataru Limited,4.2,1.2k,Real Estate , Mumbai +83 other locations
Best Sellers,4.1,1.2k,Retail , Mumbai +92 other locations
Parexel International,3.8,1.2k,Clinical Research , Hyderabad +25 other locations
DENSO,4.2,1.2k,Auto Components , Gurugram +39 other locations
Rockman Industries,3.9,1.2k,Auto Components , Haridwar +41 other locations
EbixCash Limited,3.7,1.2k,Software Product , Noida +85 other locations
Fidelity Investments,4.1,1.2k,Financial Services , Bengaluru +19 other locations
Kirloskar Oil Engines,4.1,1.2k,Industrial Machinery , Pune +105 other locations
Fidelity National Financial,3.7,1.2k,Financial Services , Bengaluru +15 other locations
DLF,3.9,1.2k,Real Estate , Gurugram +35 other locations
FOCUS EDUMATICS,2.9,1.2k,EdTech , Coimbatore +35 other locations
JK Lakshmi Cement,3.7,1.2k,Building Material , New Delhi +140 other locations
JTEKT,4.1,1.2k,Auto Components , Gurugram +30 other locations
ExcelR,3.7,1.2k,Education & Training , Bengaluru +24 other locations
Diageo,3.8,1.2k,Beverage , Bengaluru +97 other locations
Ahluwalia Contracts India,4.0,1.2k,Engineering & Construction , New Delhi +57 other locations
Intel,4.1,1.2k,Semiconductors , Bengaluru +37 other locations
Leadec India,4.1,1.2k,Facility Management Services , Pune +80 other locations
Colliers India,3.9,1.2k,Real Estate , Bengaluru +46 other locations
Strides Pharma,3.9,1.2k,Pharma , Bengaluru +43 other locations
DP World,3.8,1.2k,Logistics , Mumbai +83 other locations
ACG Worldwide,3.8,1.2k,Pharma , Mumbai +31 other locations
Indostar Capital Finance Limited,4.3,1.2k,NBFC , Mumbai +324 other locations
Baazar Retail Private Limited,4.5,1.2k,Retail , Kolkata +109 other locations
Barclays Shared Services,3.8,1.2k,Financial Services , Chennai +16 other locations
Thyrocare Technologies,3.8,1.2k,Healthcare , Mumbai +75 other locations
Coca-Cola Company,4.0,1.2k,Beverage , Bengaluru +209 other locations
Xyz Company,3.8,1.2k,Financial Services , Bengaluru +95 other locations
Nielsen,3.2,1.2k,Analytics & KPO , Bengaluru +74 other locations
Electronica Finance,4.1,1.2k,NBFC , Pune +174 other locations
The Jaypee Group,3.8,1.1k,Engineering & Construction , Noida +106 other locations
Salesforce,3.9,1.1k,Software Product , Hyderabad +40 other locations
PayPal,3.7,1.1k,FinTech , Bengaluru +15 other locations
Innova Solutions,3.3,1.1k,IT Services & Consulting , Hyderabad +37 other locations
Ocwen Financial Solutions,3.9,1.1k,Financial Services , Bengaluru +9 other locations
DISH TV,3.4,1.1k,Broadcasting , Noida +153 other locations
Podar International School,4.0,1.1k,Education & Training , Mumbai +124 other locations
Johnson Lifts,3.9,1.1k,Industrial Machinery , Chennai +75 other locations
Edelweiss,3.6,1.1k,Financial Services , Mumbai +113 other locations
Nilkamal,3.6,1.1k,Furniture & Furnishing , Mumbai +112 other locations
Federal Bank,3.6,1.1k,Banking , Mumbai +151 other locations
Zetwerk,4.0,1.1k,Industrial Machinery , Bengaluru +120 other locations
Apollo Health and Lifestyle Limited,4.3,1.1k,Healthcare , Hyderabad +93 other locations
Hire In Global,4.9,1.1k,Recruitment , Mumbai +55 other locations
HFCL Limited,3.7,1.1k,Telecom , Hyderabad +111 other locations
Aparna Constructions and Estates,3.9,1.1k,Real Estate , Hyderabad +21 other locations
Bajaj Motors,3.9,1.1k,Auto Components , Gurugram +90 other locations
MDIndia Health Insurance TPA,3.6,1.1k,Insurance , Pune +94 other locations
Schaeffler India,4.0,1.1k,Auto Components , Vadodara +27 other locations
Prism Johnson,3.7,1.1k,Building Material , Mumbai +145 other locations
NxtWave,3.4,1.1k,EdTech , Hyderabad +52 other locations
Sri Chaitanya Techno Schools,3.4,1.1k,Education & Training , Bengaluru +166 other locations
CaratLane - A Tata Product,4.0,1.1k,Jewellery , Chennai +87 other locations
Dhoot Transmission,3.7,1.1k,Auto Components , Chhatrapati Sambhajinagar +43 other locations
Birla Corporation,4.1,1.1k,Building Material , Satna +143 other locations
Meril,3.6,1.1k,Medical Equipment , Vapi +83 other locations
Indira IVF Hospital,3.9,1.1k,Healthcare , Mumbai +105 other locations
London Stock Exchange Group,3.7,1.1k,Financial Services , Bengaluru +11 other locations
Imperial Auto Industries,3.8,1.1k,Auto Components , Faridabad +38 other locations
Biocon Biologics,3.7,1.1k,Biotechnology , Bengaluru +27 other locations
Aptiv,3.5,1.1k,Auto Components , Bengaluru +26 other locations
Edelweiss Life Insurance,3.7,1.1k,Insurance , Mumbai +123 other locations
INDO-MIM,4.0,1.1k,Metals & Mining , Bengaluru +34 other locations
Piaggio,3.6,1.1k,Automobile , Pune +82 other locations
Barbeque Nation,3.9,1.1k,Hospitality , Bengaluru +83 other locations
Deccan Fine Chemicals,3.6,1.1k,Agro Chemicals , Tuni +31 other locations
Wistron,4.0,1.1k,Electronics Manufacturing , Bengaluru +22 other locations
ICON Plc,4.0,1.1k,Clinical Research , Chennai +27 other locations
Jacobs Engineering Group,4.2,1.1k,Engineering & Construction , Mumbai +42 other locations
Balkrishna Industries,4.0,1.1k,Auto Components , Bhuj +32 other locations
Onward Technologies Inc,2.9,1.1k,IT Services & Consulting , Pune +63 other locations
Jabil Circuit India,4.0,1.1k,Electronics Manufacturing , Pune +30 other locations
Saipem,4.2,1.1k,Engineering & Construction , Chennai +41 other locations
VMware Software,4.4,1.1k,Software Product , Bengaluru +18 other locations
Kohler,3.7,1.1k,Building Material , Pune +52 other locations
Navitasys India,4.1,1.1k,Electronics Manufacturing , Bawal +25 other locations
Motilal Oswal Home Finance,4.3,1.1k,NBFC , Mumbai +127 other locations
Hyundai Mobis,3.7,1.1k,Auto Components , Chennai +47 other locations
Sundaram Finance,4.0,1.1k,NBFC , Chennai +248 other locations
Advantmed,4.2,1.1k,Healthcare , Ahmedabad +15 other locations
V2 Retail,3.3,1.1k,Retail , New Delhi +129 other locations
Unicharm,3.9,1.1k,FMCG , Gurugram +188 other locations
Zydus Wellness,4.1,1.1k,FMCG , Ahmedabad +129 other locations
TK Elevator,3.8,1.1k,Industrial Machinery , Pune +80 other locations
Asirvad Microfinance,3.8,1.1k,NBFC , Chennai +313 other locations
Stanza Living,3.0,1.1k,Internet , Bengaluru +36 other locations
Wonder Home Finance,4.6,1.1k,NBFC , Jaipur +117 other locations
Hikal,3.8,1.1k,Pharma , Bengaluru +22 other locations
Sri Chaitanya Educational Institutions,3.7,1.1k,Education & Training , Hyderabad +103 other locations
Kirloskar Brothers,3.8,1.1k,Industrial Machinery , Pune +73 other locations
Air India Sats Airport Services,3.6,1.1k,Aviation , New Delhi +48 other locations
Svatantra Microfin,3.9,1.1k,NBFC , Mumbai +329 other locations
Jet Airways,4.6,1.1k,Aviation , Mumbai +44 other locations
Syngenta,4.2,1.1k,Agriculture , Pune +173 other locations
CALIBEHR,4.0,1.1k,IT Services & Consulting , Mumbai +182 other locations
Godrej Agrovet,3.9,1.1k,Agriculture , Mumbai +145 other locations
Amazon Sellers Services,4.0,1.1k,Internet , Bengaluru +69 other locations
Adani Ports and SEZ,3.7,1.1k,Ports & Shipping , Mundra +61 other locations
MAHLE ANAND Filter Systems,4.0,1.1k,Auto Components , Pune +39 other locations
GAIL,4.4,1.1k,Oil & Gas , New Delhi +102 other locations
Tube Investments of India,3.8,1.1k,Engineering & Construction , Chennai +63 other locations
Aarvi Encon,3.9,1.1k,Recruitment , Mumbai +130 other locations
Gmmco,4.0,1.1k,Industrial Machinery , Chennai +90 other locations
Metropolis Healthcare,3.9,1.1k,Healthcare , Mumbai +101 other locations
Nexa,4.0,1.1k,Automobile , New Delhi +215 other locations
Vedanta Aluminium,3.8,1.1k,Metals & Mining , Jharsuguda +45 other locations
Northcorp Software,4.8,1.1k,IT Services & Consulting , Gurugram +7 other locations
