emp_id,emp_name,department,role,salary,city,joining_date,performance_rating
1,Varun,Product,SDE1,174194,Delhi,2017-07-03,2
2,Payal,Product,Lead,75580,Noida,2015-05-11,1
3,Sneha,Finance,SDE2,294951,Bangalore,2021-04-17,2
4,Mohit,Data,SDE2,265514,Mumbai,2024-01-29,1
5,Rakesh,HR,Lead,251571,Chennai,2018-02-12,2
6,Rohit,Marketing,SDE1,78625,Noida,2016-02-01,3
7,Shreya,Marketing,Analyst,168685,Bangalore,2023-03-08,4
8,Meena,Product,Manager,71313,Mumbai,2024-04-20,5
9,Yash,Marketing,Analyst,130814,Hyderabad,2015-07-07,2
10,Rakesh,Sales,SDE1,152049,Hyderabad,2019-04-06,3
11,Manish,Marketing,SDE2,224081,Chennai,2017-05-08,3
12,Mohit,Product,Analyst,119725,Delhi,2016-10-31,4
13,Deepak,Sales,Lead,145141,Chennai,2024-06-14,1
14,Pooja,Engineering,Director,195388,Noida,2018-01-01,1
15,Rohit,Marketing,SDE2,291740,Noida,2024-12-02,4
16,Ankit,Sales,SDE2,159303,Mumbai,2023-05-18,5
17,Nisha,Data,Senior SDE,144987,Pune,2020-09-18,4
18,Sneha,Engineering,Director,87487,Pune,2022-01-14,2
19,Sonali,Data,Analyst,63306,Noida,2019-04-13,5
20,Manish,Sales,Analyst,36019,Hyderabad,2022-08-24,5
21,Rakesh,Sales,Director,208349,Hyderabad,2018-04-17,4
22,Neha,Support,SDE1,168091,Pune,2020-09-10,1
23,Shreya,Sales,Director,296161,Delhi,2016-09-18,3
24,Rakesh,HR,Analyst,30299,Chennai,2020-06-24,1
25,Priya,Marketing,Director,191225,Delhi,2015-08-26,2
26,Yash,Product,SDE1,284798,Hyderabad,2023-07-13,5
27,Rakesh,HR,SDE2,279184,Pune,2017-12-21,5
28,Shreya,Data,SDE2,135461,Mumbai,2019-06-23,3
29,Manish,Support,SDE1,159973,Delhi,2015-09-20,3
30,Amit,Finance,Analyst,145457,Bangalore,2015-10-18,1
31,Pooja,Product,SDE1,203239,Hyderabad,2020-10-06,2
32,Vikas,Support,SDE2,99369,Gurgaon,2017-09-22,4
33,Sonali,Data,SDE2,79453,Hyderabad,2022-05-23,4
34,Simran,Data,Manager,274855,Bangalore,2022-07-21,1
35,Rahul,Data,Lead,207892,Hyderabad,2017-10-15,2
36,Rohit,Support,SDE2,251187,Pune,2018-02-14,4
37,Pooja,Product,Manager,81332,Bangalore,2022-04-25,5
38,Abhishek,Engineering,SDE1,153930,Pune,2019-07-23,4
39,Kavya,Finance,Director,240260,Bangalore,2016-11-05,4
40,Amit,Data,Senior SDE,268555,Mumbai,2019-09-29,5
41,Isha,Support,SDE2,129561,Mumbai,2017-06-10,1
42,Akash,Engineering,Lead,194419,Bangalore,2015-07-25,5
43,Kavya,HR,SDE1,296248,Hyderabad,2024-07-19,2
44,Sneha,Product,Lead,153314,Noida,2016-05-06,5
45,Pooja,Engineering,Analyst,72982,Noida,2022-05-16,5
46,Akash,Marketing,Senior SDE,137090,Chennai,2017-09-04,3
47,Deepak,HR,Lead,187284,Gurgaon,2018-07-19,1
48,Amit,Support,Analyst,82418,Hyderabad,2021-01-11,2
49,Suresh,Sales,SDE2,212981,Hyderabad,2024-11-10,2
50,Simran,Sales,SDE2,259734,Mumbai,2021-11-10,5
51,Amit,Sales,Lead,84309,Pune,2017-12-19,1
52,Yash,Product,Lead,111499,Mumbai,2018-02-28,5
53,Rohit,Marketing,SDE2,168403,Gurgaon,2017-10-25,1
54,Sneha,Data,Director,175060,Bangalore,2015-01-15,3
55,Rakesh,HR,Lead,167340,Pune,2023-04-25,4
56,Meena,Data,Analyst,35069,Hyderabad,2015-11-05,2
57,Meena,Engineering,Director,223575,Pune,2019-10-27,2
58,Rahul,Sales,Senior SDE,50916,Chennai,2017-05-10,2
59,Isha,Product,Senior SDE,243058,Pune,2017-08-27,2
60,Sonali,HR,Manager,42995,Pune,2023-04-05,3
61,Sonali,Data,Director,160111,Mumbai,2016-10-14,1
62,Deepak,Engineering,Director,276777,Delhi,2017-03-28,4
63,Simran,Sales,Director,149325,Delhi,2015-04-07,2
64,Deepak,Marketing,Senior SDE,66396,Mumbai,2018-12-09,5
65,Deepak,Marketing,SDE1,90472,Mumbai,2017-01-01,5
66,Vikas,Engineering,SDE1,257836,Chennai,2023-03-04,3
67,Nisha,Product,Manager,129656,Mumbai,2015-07-01,4
68,Amit,Finance,Senior SDE,256124,Hyderabad,2022-06-13,3
69,Ritu,Marketing,Lead,95339,Mumbai,2020-09-08,3
70,Isha,Data,Senior SDE,240973,Mumbai,2021-03-20,2
71,Rohit,Data,Lead,228781,Pune,2021-11-26,5
72,Kiran,Data,Analyst,30212,Mumbai,2018-03-21,2
73,Nisha,Marketing,Manager,261623,Gurgaon,2022-07-30,2
74,Suresh,Support,Director,118967,Hyderabad,2018-03-08,5
75,Isha,Marketing,SDE1,153138,Mumbai,2017-07-09,2
76,Ankit,Engineering,SDE1,158368,Gurgaon,2021-11-08,1
77,Manish,Data,Lead,131940,Noida,2020-07-17,4
78,Pooja,HR,Lead,32907,Hyderabad,2023-09-24,4
79,Pooja,HR,Director,273557,Bangalore,2021-04-02,2
80,Tanvi,Product,Manager,99908,Gurgaon,2022-06-27,5
81,Meena,Marketing,Director,262035,Noida,2024-04-25,5
82,Manish,HR,Lead,278866,Gurgaon,2017-11-27,2
83,Abhishek,Sales,Director,284068,Delhi,2018-01-29,4
84,Sneha,Sales,SDE2,172456,Chennai,2018-08-02,5
85,Sneha,HR,SDE2,151247,Noida,2022-10-13,2
86,Mohit,Finance,SDE1,247510,Noida,2018-09-17,5
87,Manish,Data,SDE1,138440,Noida,2019-05-15,5
88,Mohit,Engineering,Director,229429,Gurgaon,2015-01-25,3
89,Kiran,Data,Director,249687,Delhi,2020-06-22,2
90,Vikas,Data,Manager,45217,Noida,2018-10-08,4
91,Payal,HR,Director,275047,Pune,2021-12-23,5
92,Amit,Data,Analyst,44209,Hyderabad,2022-03-17,4
93,Ankit,Support,SDE2,56363,Mumbai,2019-04-02,3
94,Rohit,Support,Senior SDE,206947,Noida,2018-02-13,4
95,Vikas,Product,Manager,40162,Bangalore,2018-12-04,2
96,Varun,Product,Director,51106,Bangalore,2017-10-09,2
97,Abhishek,Engineering,Analyst,109892,Delhi,2016-06-01,4
98,Isha,Product,Analyst,144276,Gurgaon,2022-11-05,3
99,Rakesh,Marketing,SDE2,90048,Pune,2018-06-28,1
100,Akash,Engineering,Senior SDE,226768,Noida,2023-01-07,2
101,Sneha,Finance,SDE1,188116,Hyderabad,2023-12-06,5
102,Sonali,Engineering,Senior SDE,254593,Chennai,2015-10-10,5
103,Varun,Marketing,SDE1,250231,Gurgaon,2016-03-08,4
104,Simran,Support,Lead,110211,Noida,2016-12-22,5
105,Varun,Sales,Analyst,283491,Gurgaon,2019-11-20,5
106,Vikas,Marketing,Director,158710,Hyderabad,2018-02-16,4
107,Pooja,Support,Analyst,228699,Chennai,2015-04-28,4
108,Shreya,Marketing,SDE2,285616,Delhi,2018-12-24,3
109,Arjun,Sales,Analyst,174844,Bangalore,2020-10-17,2
110,Sneha,Finance,Lead,243085,Gurgaon,2021-03-24,2
111,Mohit,Support,Lead,287331,Gurgaon,2023-11-22,1
112,Sneha,Sales,SDE2,242022,Delhi,2018-06-08,5
113,Simran,Support,Analyst,210227,Noida,2023-05-14,5
114,Arjun,Marketing,Lead,267893,Mumbai,2018-06-09,3
115,Pooja,Product,Lead,130969,Chennai,2016-05-04,5
116,Rakesh,HR,SDE2,143447,Gurgaon,2018-02-06,5
117,Rakesh,Sales,SDE1,131773,Mumbai,2017-07-20,3
118,Neha,Sales,SDE1,96365,Mumbai,2015-07-06,1
119,Meena,Sales,Lead,96206,Gurgaon,2016-02-25,1
120,Akash,Sales,Manager,280984,Gurgaon,2018-10-27,2
121,Rahul,Sales,Director,280467,Hyderabad,2024-03-21,1
122,Deepak,Support,SDE1,58106,Pune,2016-09-03,5
123,Kiran,Product,SDE2,92102,Noida,2021-10-19,5
124,Sonali,Finance,Director,229427,Gurgaon,2019-12-19,3
125,Shreya,Data,Senior SDE,61578,Hyderabad,2023-07-22,2
126,Varun,Finance,Senior SDE,72565,Pune,2017-09-09,2
127,Meena,Product,SDE2,31402,Noida,2020-01-20,5
128,Kavya,Sales,SDE1,151360,Mumbai,2022-12-05,3
129,Mohit,Support,SDE1,152381,Mumbai,2023-11-01,5
130,Isha,Finance,Manager,90175,Delhi,2022-04-06,2
131,Tanvi,Sales,Director,104572,Hyderabad,2015-09-02,2
132,Sonali,Sales,Analyst,181315,Gurgaon,2016-05-24,4
133,Mohit,Sales,Lead,241030,Mumbai,2020-08-11,5
134,Kavya,Support,SDE1,50898,Noida,2023-03-28,3
135,Ritu,Sales,SDE1,77881,Delhi,2022-07-24,5
136,Akash,Engineering,Director,171301,Bangalore,2023-07-23,2
137,Kavya,Support,Senior SDE,125152,Noida,2022-02-13,4
138,Sneha,Support,Senior SDE,244092,Chennai,2018-08-08,1
139,Shreya,HR,Senior SDE,245820,Gurgaon,2018-03-26,4
140,Abhishek,Engineering,Manager,76168,Chennai,2017-10-30,3
141,Priya,Data,Director,299796,Bangalore,2022-05-17,5
142,Manish,Data,SDE1,128347,Chennai,2021-12-25,4
143,Varun,Support,Director,57059,Delhi,2017-12-29,5
144,Ankit,Sales,Manager,284128,Hyderabad,2015-04-29,5
145,Sonali,Finance,Lead,113035,Mumbai,2021-03-06,1
146,Meena,Data,SDE1,147807,Hyderabad,2020-03-05,1
147,Varun,HR,Manager,183019,Mumbai,2019-08-29,4
148,Kavya,Finance,Manager,105834,Noida,2017-02-19,5
149,Suresh,HR,Director,66600,Mumbai,2023-08-31,4
150,Arjun,Sales,Director,31344,Mumbai,2023-02-21,3
151,Abhishek,Support,Director,107906,Gurgaon,2021-01-15,4
152,Simran,Marketing,Analyst,227766,Gurgaon,2018-08-11,2
153,Mohit,Finance,Analyst,230787,Delhi,2024-08-07,4
154,Rahul,Marketing,Lead,277975,Noida,2019-05-01,2
155,Kavya,Engineering,SDE2,293345,Chennai,2024-10-02,1
156,Shreya,Support,SDE1,269561,Bangalore,2023-02-07,2
157,Nisha,HR,SDE1,276148,Mumbai,2018-10-18,5
158,Mohit,Data,Lead,72108,Chennai,2024-07-23,5
159,Deepak,Marketing,Lead,285825,Bangalore,2021-12-04,1
160,Pooja,Sales,SDE2,77384,Noida,2016-02-08,1
161,Manish,HR,Lead,187006,Bangalore,2015-07-08,3
162,Sonali,Engineering,Senior SDE,217938,Chennai,2019-10-31,2
163,Pooja,Data,Analyst,124401,Pune,2016-12-18,1
164,Ritu,Data,Analyst,156264,Gurgaon,2021-07-16,2
165,Pooja,Support,Lead,163157,Gurgaon,2017-11-11,1
166,Yash,Support,Senior SDE,112824,Hyderabad,2019-12-15,3
167,Akash,Sales,Lead,252460,Mumbai,2020-02-15,3
168,Rohit,Data,Director,283340,Hyderabad,2017-08-29,4
169,Akash,Marketing,Analyst,185122,Mumbai,2015-03-31,4
170,Vikas,Engineering,Analyst,55713,Gurgaon,2024-05-04,3
171,Rakesh,Finance,Analyst,214717,Delhi,2022-02-20,2
172,Ritu,Sales,Lead,101711,Hyderabad,2022-01-14,1
173,Kiran,Support,SDE1,221292,Pune,2016-01-05,3
174,Arjun,Data,SDE2,135274,Pune,2023-10-27,5
175,Yash,Marketing,Analyst,293084,Mumbai,2024-04-24,2
176,Vikas,Support,Director,184739,Chennai,2024-01-08,1
177,Manish,Product,SDE2,148287,Noida,2024-06-26,5
178,Simran,Product,Director,236870,Bangalore,2017-12-19,5
179,Priya,Support,Senior SDE,167448,Noida,2024-03-22,3
180,Priya,Finance,Manager,43120,Chennai,2021-11-03,2
181,Varun,Product,Lead,273409,Mumbai,2022-04-13,4
182,Priya,HR,SDE1,49509,Mumbai,2020-07-10,1
183,Priya,Finance,Analyst,101127,Noida,2020-02-02,3
184,Isha,Data,Analyst,111014,Noida,2022-05-06,1
185,Abhishek,Support,Analyst,243970,Mumbai,2015-05-15,3
186,Rohit,Support,Manager,153791,Chennai,2016-02-11,3
187,Meena,Marketing,SDE1,238739,Mumbai,2017-02-16,1
188,Shreya,Support,SDE1,141204,Bangalore,2015-07-27,3
189,Pooja,HR,Director,137586,Hyderabad,2024-04-21,5
190,Rohit,Finance,Director,152158,Chennai,2023-09-07,2
191,Sonali,Engineering,Senior SDE,105858,Pune,2021-01-21,3
192,Sonali,HR,SDE1,43516,Pune,2015-03-02,3
193,Sonali,Finance,Analyst,199749,Bangalore,2016-12-14,3
194,Rahul,HR,Lead,250704,Hyderabad,2023-05-13,1
195,Kavya,Support,Director,219812,Hyderabad,2020-01-26,5
196,Pooja,Engineering,Lead,188141,Gurgaon,2022-03-20,1
197,Rahul,Support,Director,240563,Noida,2022-09-11,1
198,Kavya,Support,SDE1,72357,Chennai,2021-10-27,2
199,Sneha,HR,Senior SDE,200490,Noida,2021-09-12,5
200,Kiran,Support,Analyst,255548,Hyderabad,2023-11-23,1
201,Shreya,Finance,Manager,266744,Delhi,2019-08-22,3
202,Abhishek,Support,Manager,248098,Hyderabad,2018-07-04,4
203,Arjun,Sales,Senior SDE,110026,Gurgaon,2015-10-02,1
204,Abhishek,Product,SDE1,256427,Hyderabad,2023-05-08,3
205,Sonali,HR,Analyst,61447,Chennai,2022-07-07,1
206,Nisha,Marketing,Director,251740,Bangalore,2018-03-24,5
207,Kiran,Marketing,SDE1,296030,Delhi,2016-09-25,4
208,Pooja,Product,Senior SDE,222707,Hyderabad,2023-07-21,3
209,Akash,Finance,Director,254978,Bangalore,2021-10-30,3
210,Amit,HR,Senior SDE,191996,Chennai,2018-12-08,1
211,Neha,HR,Analyst,240126,Hyderabad,2016-08-04,1
212,Sneha,Finance,Manager,250113,Gurgaon,2018-10-28,2
213,Simran,Sales,Lead,200070,Hyderabad,2024-11-27,1
214,Ankit,HR,Director,56089,Hyderabad,2018-01-19,4
215,Isha,Data,Manager,261758,Noida,2018-01-23,2
216,Rakesh,Product,Senior SDE,255398,Hyderabad,2018-03-06,5
217,Kavya,Sales,SDE1,145615,Noida,2021-09-20,1
218,Amit,Finance,Senior SDE,140747,Pune,2023-07-28,3
219,Kiran,Marketing,SDE1,34052,Gurgaon,2023-05-18,4
220,Neha,HR,Manager,150644,Chennai,2015-10-23,4
221,Shreya,Engineering,Manager,39825,Gurgaon,2015-11-15,3
222,Akash,Data,Analyst,242034,Noida,2018-03-31,1
223,Deepak,Engineering,Senior SDE,120111,Gurgaon,2024-04-30,3
224,Sneha,Data,Director,85502,Delhi,2019-11-20,5
225,Deepak,Product,Manager,192673,Chennai,2017-06-26,3
226,Rakesh,HR,SDE1,297640,Hyderabad,2020-12-13,5
227,Rohit,Marketing,Senior SDE,107432,Delhi,2016-02-26,2
228,Vikas,Finance,SDE2,110147,Hyderabad,2016-12-26,4
229,Manish,Support,Lead,199454,Chennai,2016-09-10,4
230,Sneha,Support,Manager,188765,Mumbai,2021-08-19,1
231,Simran,Product,Senior SDE,272086,Gurgaon,2015-06-04,1
232,Simran,Sales,SDE1,77341,Noida,2020-03-10,5
233,Meena,Engineering,Manager,128691,Chennai,2021-10-14,4
234,Suresh,HR,SDE1,266203,Hyderabad,2024-02-04,3
235,Mohit,Product,Analyst,120470,Bangalore,2017-10-11,4
236,Manish,HR,Senior SDE,225481,Mumbai,2019-05-06,4
237,Rakesh,Marketing,Lead,57454,Chennai,2015-09-27,3
238,Priya,Data,Senior SDE,162118,Pune,2018-09-27,1
239,Akash,HR,Senior SDE,192650,Noida,2016-06-12,5
240,Mohit,Product,Senior SDE,227488,Chennai,2024-02-13,2
241,Isha,Product,Lead,251986,Chennai,2015-03-16,3
242,Kiran,HR,SDE2,209166,Gurgaon,2017-02-25,2
243,Ankit,HR,SDE1,185080,Hyderabad,2020-09-10,5
244,Abhishek,Engineering,Lead,206561,Pune,2021-09-12,4
245,Ankit,HR,SDE2,116790,Gurgaon,2015-06-28,4
246,Simran,Finance,Manager,179384,Gurgaon,2017-08-16,5
247,Pooja,Sales,Director,275899,Delhi,2019-02-15,5
248,Manish,Support,Director,177729,Noida,2020-08-21,5
249,Nisha,HR,Director,134699,Pune,2024-10-15,3
250,Rahul,Support,Director,224622,Hyderabad,2022-12-23,5
251,Shreya,Product,Senior SDE,73974,Pune,2018-01-22,4
252,Yash,HR,Director,259361,Hyderabad,2017-06-28,4
253,Yash,Marketing,SDE1,247525,Bangalore,2019-06-12,5
254,Simran,Finance,Manager,72784,Chennai,2017-07-08,1
255,Arjun,Product,Director,205788,Pune,2016-07-17,1
256,Kiran,Support,Lead,102767,Gurgaon,2020-01-12,5
257,Amit,Product,SDE1,164177,Delhi,2024-05-13,2
258,Meena,Data,SDE1,181048,Delhi,2018-05-18,1
259,Rahul,Finance,Manager,269659,Hyderabad,2016-03-30,4
260,Ritu,Engineering,Lead,156845,Pune,2018-04-08,4
261,Amit,Marketing,SDE2,248401,Pune,2022-06-14,1
262,Suresh,Marketing,SDE1,295985,Bangalore,2019-05-19,4
263,Rahul,Data,Senior SDE,162985,Bangalore,2019-01-02,1
264,Simran,Finance,Lead,84349,Chennai,2016-06-30,1
265,Simran,Marketing,Director,121797,Gurgaon,2022-10-19,4
266,Varun,HR,Director,100701,Hyderabad,2023-01-11,4
267,Rahul,Sales,SDE2,52967,Delhi,2024-12-07,1
268,Arjun,Sales,Analyst,238784,Gurgaon,2017-11-03,1
269,Rakesh,Finance,Senior SDE,217157,Bangalore,2024-09-16,3
270,Vikas,Product,Director,222948,Noida,2024-12-22,4
271,Payal,Support,Manager,207752,Pune,2020-07-25,4
272,Simran,Sales,Director,73312,Noida,2015-11-20,4
273,Ritu,HR,Analyst,184018,Chennai,2016-02-25,1
274,Arjun,Sales,Senior SDE,263788,Noida,2016-11-13,4
275,Simran,Support,SDE1,214842,Noida,2018-01-29,1
276,Sneha,Data,Senior SDE,299004,Pune,2015-05-08,2
277,Shreya,Support,SDE1,96180,Hyderabad,2017-08-24,3
278,Simran,Data,Analyst,46979,Pune,2022-08-13,4
279,Simran,Marketing,Manager,70310,Pune,2020-12-08,3
280,Deepak,Marketing,Lead,176113,Delhi,2016-04-09,1
281,Payal,HR,Manager,232892,Hyderabad,2017-12-08,3
282,Mohit,Support,SDE2,179724,Gurgaon,2017-03-30,1
283,Ankit,Product,Manager,120521,Gurgaon,2015-12-26,3
284,Isha,Marketing,Lead,64046,Mumbai,2024-12-29,3
285,Shreya,HR,Lead,121273,Chennai,2020-09-14,2
286,Priya,Finance,Director,102811,Delhi,2023-11-12,4
287,Amit,Marketing,Analyst,223415,Gurgaon,2024-01-05,5
288,Ankit,Product,SDE1,192157,Noida,2023-01-15,4
289,Suresh,Data,Director,244661,Hyderabad,2016-05-28,3
290,Varun,Product,Manager,274230,Chennai,2016-06-09,5
291,Varun,HR,Director,97650,Noida,2020-08-21,1
292,Abhishek,Product,Analyst,110224,Mumbai,2016-11-05,2
293,Arjun,Finance,Senior SDE,178923,Hyderabad,2017-10-23,2
294,Varun,Sales,SDE2,188767,Hyderabad,2020-08-20,2
295,Akash,HR,SDE2,207009,Bangalore,2024-04-03,1
296,Sneha,Engineering,Lead,168755,Delhi,2023-08-08,5
297,Nisha,Engineering,Manager,181871,Mumbai,2020-06-01,2
298,Sonali,Data,Senior SDE,267787,Hyderabad,2022-09-21,1
299,Neha,Support,Manager,283887,Gurgaon,2017-04-15,3
300,Ritu,HR,Senior SDE,197413,Chennai,2019-06-22,2
301,Rakesh,Marketing,Analyst,85670,Chennai,2017-09-17,4
302,Priya,Sales,Manager,159980,Pune,2016-02-01,1
303,Kiran,Data,Director,249223,Delhi,2024-09-14,2
304,Abhishek,Marketing,Analyst,193952,Delhi,2023-07-23,2
305,Kavya,Support,Manager,191764,Gurgaon,2015-04-05,1
306,Deepak,Support,SDE2,142797,Chennai,2015-07-19,1
307,Kiran,Support,Analyst,276723,Mumbai,2021-01-07,1
308,Shreya,Product,Manager,100220,Mumbai,2023-02-27,3
309,Rakesh,Data,Senior SDE,53720,Noida,2015-07-29,5
310,Meena,Finance,Senior SDE,181310,Hyderabad,2019-05-02,5
311,Manish,Sales,Director,92291,Pune,2016-02-01,4
312,Simran,Marketing,Analyst,221683,Pune,2017-03-26,5
313,Suresh,Data,Analyst,51105,Bangalore,2015-06-09,2
314,Mohit,Marketing,Director,278378,Gurgaon,2016-09-02,5
315,Yash,HR,Senior SDE,197001,Pune,2019-05-29,5
316,Payal,Sales,Analyst,206356,Gurgaon,2022-12-12,5
317,Kiran,Support,Director,38722,Chennai,2018-09-18,1
318,Nisha,Sales,Director,43970,Gurgaon,2017-12-23,5
319,Akash,Finance,Lead,56924,Gurgaon,2016-11-29,5
320,Varun,Data,SDE2,156980,Bangalore,2021-06-03,1
321,Rohit,Engineering,Manager,194465,Noida,2016-09-12,4
322,Mohit,Finance,Manager,293097,Gurgaon,2024-10-15,1
323,Mohit,HR,Analyst,138706,Chennai,2022-06-05,4
324,Suresh,Data,Senior SDE,120797,Gurgaon,2020-12-23,3
325,Meena,Marketing,Lead,168601,Gurgaon,2017-02-26,2
326,Vikas,Sales,SDE2,186035,Mumbai,2022-11-27,2
327,Mohit,Support,Senior SDE,281555,Chennai,2021-04-14,3
328,Kiran,Product,Analyst,229069,Noida,2024-03-06,3
329,Rakesh,HR,Senior SDE,52054,Mumbai,2023-01-04,1
330,Simran,Support,Lead,164450,Gurgaon,2017-05-26,2
331,Abhishek,Sales,Analyst,172407,Pune,2016-03-23,5
332,Payal,Finance,SDE2,56615,Delhi,2022-02-26,2
333,Rahul,Product,Manager,203168,Gurgaon,2016-02-16,2
334,Amit,HR,Manager,279403,Gurgaon,2022-04-18,2
335,Rakesh,Sales,Senior SDE,179639,Bangalore,2023-08-15,1
336,Varun,Finance,Analyst,49555,Pune,2019-09-08,2
337,Tanvi,Engineering,Director,238139,Gurgaon,2017-02-02,3
338,Yash,Engineering,SDE1,186443,Hyderabad,2018-10-04,3
339,Manish,Support,SDE2,294352,Gurgaon,2018-01-22,2
340,Sonali,Product,Senior SDE,115193,Gurgaon,2022-04-09,3
341,Mohit,HR,SDE1,206743,Mumbai,2021-05-14,2
342,Neha,Data,Director,254239,Chennai,2015-12-22,4
343,Isha,Product,SDE2,103721,Gurgaon,2018-08-18,2
344,Amit,Sales,Manager,153480,Gurgaon,2023-06-15,3
345,Arjun,Sales,Analyst,35995,Mumbai,2022-05-01,3
346,Mohit,Finance,SDE1,91983,Gurgaon,2018-06-10,2
347,Deepak,Sales,Lead,91559,Mumbai,2019-02-14,5
348,Pooja,Finance,SDE2,280705,Pune,2020-02-07,5
349,Simran,Data,Lead,276849,Delhi,2023-07-18,2
350,Isha,Product,Analyst,264224,Chennai,2015-11-16,5
351,Priya,Engineering,Director,295020,Delhi,2021-06-03,5
352,Ankit,HR,Senior SDE,261651,Hyderabad,2022-08-18,2
353,Mohit,Support,SDE1,297583,Gurgaon,2024-01-26,1
354,Manish,HR,Analyst,247802,Gurgaon,2021-04-28,1
355,Meena,Support,Lead,191569,Bangalore,2019-06-10,3
356,Abhishek,Engineering,Lead,144243,Hyderabad,2015-07-05,4
357,Simran,Product,Analyst,61591,Hyderabad,2020-04-17,1
358,Kiran,Data,SDE2,101003,Noida,2019-03-14,4
359,Manish,Data,Manager,72074,Pune,2022-04-30,3
360,Priya,HR,Analyst,236075,Pune,2023-03-01,2
361,Abhishek,Engineering,Director,41919,Mumbai,2020-03-11,5
362,Nisha,Data,Director,150410,Delhi,2020-03-01,3
363,Ankit,Sales,SDE2,89163,Bangalore,2024-01-29,4
364,Ritu,Engineering,SDE2,138046,Hyderabad,2016-02-18,5
365,Rahul,Support,Analyst,55520,Delhi,2023-04-22,1
366,Deepak,Support,SDE2,143911,Bangalore,2016-07-27,5
367,Kiran,Finance,Director,197197,Chennai,2017-08-28,3
368,Yash,HR,Lead,145890,Noida,2018-05-15,3
369,Rahul,HR,Lead,253976,Gurgaon,2015-07-12,3
370,Varun,Data,Director,197108,Noida,2019-07-31,2
371,Kiran,Data,SDE2,278260,Delhi,2024-07-10,2
372,Kiran,HR,Director,272758,Bangalore,2021-04-22,4
373,Nisha,HR,Manager,157327,Mumbai,2017-04-12,3
374,Varun,Product,Manager,224551,Hyderabad,2021-01-02,2
375,Rahul,Sales,Manager,50734,Hyderabad,2017-02-09,5
376,Payal,Finance,Manager,139518,Chennai,2018-05-26,1
377,Rohit,Finance,Lead,91507,Gurgaon,2017-09-20,5
378,Mohit,Finance,Manager,155478,Chennai,2023-09-12,3
379,Deepak,Support,Analyst,218355,Mumbai,2017-12-07,3
380,Suresh,Support,Manager,81699,Gurgaon,2023-07-17,3
381,Tanvi,Finance,Senior SDE,194061,Noida,2015-07-07,5
382,Shreya,Finance,Lead,106505,Bangalore,2017-12-04,5
383,Tanvi,Data,Senior SDE,109907,Delhi,2018-09-13,2
384,Deepak,Finance,Manager,206980,Mumbai,2023-07-24,4
385,Payal,Support,Manager,118202,Chennai,2016-11-24,2
386,Payal,Support,SDE2,60792,Bangalore,2024-05-29,1
387,Abhishek,Engineering,Director,33346,Noida,2016-07-17,2
388,Sneha,HR,SDE1,144672,Gurgaon,2019-03-09,1
389,Ritu,Support,Lead,285776,Bangalore,2015-01-28,5
390,Meena,Data,SDE1,38769,Mumbai,2021-01-03,3
391,Amit,Data,Director,123987,Hyderabad,2016-01-30,5
392,Ankit,Finance,SDE2,162339,Chennai,2017-12-30,4
393,Sneha,Marketing,Manager,270647,Delhi,2022-10-26,2
394,Kiran,Product,Lead,46611,Hyderabad,2019-07-19,4
395,Deepak,Support,SDE1,34954,Pune,2015-12-05,4
396,Shreya,Data,Lead,203681,Hyderabad,2020-12-03,1
397,Pooja,Finance,Director,279299,Mumbai,2015-07-10,1
398,Isha,Sales,Analyst,47250,Pune,2024-07-15,3
399,Amit,Finance,Analyst,105597,Noida,2015-11-12,3
400,Neha,Finance,Analyst,234030,Chennai,2019-04-22,2
401,Sonali,Product,Analyst,211329,Bangalore,2016-02-05,4
402,Pooja,Product,Senior SDE,237986,Chennai,2015-05-02,3
403,Sonali,Support,Manager,149610,Chennai,2021-03-15,4
404,Nisha,HR,Lead,229267,Hyderabad,2023-08-29,5
405,Kiran,Finance,Lead,68538,Hyderabad,2018-01-02,2
406,Deepak,HR,Lead,234274,Chennai,2019-01-17,1
407,Sneha,Engineering,Senior SDE,263169,Chennai,2023-07-16,3
408,Priya,HR,SDE1,128247,Noida,2020-01-13,5
409,Meena,Data,SDE1,43768,Hyderabad,2018-12-20,5
410,Sneha,Marketing,Director,231975,Bangalore,2018-04-10,4
411,Deepak,Product,Lead,157266,Pune,2022-09-08,4
412,Neha,HR,Senior SDE,187879,Mumbai,2020-07-12,2
413,Sneha,HR,Manager,174683,Noida,2018-05-12,4
414,Sonali,Product,Senior SDE,161963,Delhi,2023-01-31,4
415,Ritu,Finance,Manager,86084,Pune,2018-06-01,1
416,Deepak,Marketing,Director,229171,Chennai,2019-12-09,3
417,Nisha,HR,Senior SDE,198120,Delhi,2020-05-16,3
418,Neha,Data,Senior SDE,182802,Gurgaon,2021-06-16,2
419,Arjun,Data,Senior SDE,236011,Chennai,2016-04-11,5
420,Rohit,HR,Lead,44111,Gurgaon,2022-12-11,2
421,Manish,Sales,Director,66259,Noida,2022-07-19,4
422,Ankit,Sales,SDE2,162477,Pune,2023-01-08,4
423,Sonali,Data,SDE1,265440,Gurgaon,2021-07-12,4
424,Meena,Data,Analyst,49275,Chennai,2022-11-13,5
425,Ritu,Product,SDE1,160144,Chennai,2016-11-12,5
426,Rahul,Data,Director,203852,Noida,2016-03-09,1
427,Priya,Sales,SDE2,297741,Delhi,2019-12-31,3
428,Deepak,Support,Director,292388,Pune,2018-11-13,1
429,Kavya,Product,Senior SDE,248090,Hyderabad,2016-04-20,2
430,Simran,Sales,Senior SDE,268725,Delhi,2020-11-04,4
431,Simran,Support,SDE1,259725,Gurgaon,2018-07-30,1
432,Kiran,Engineering,Director,90337,Bangalore,2024-07-10,3
433,Varun,Product,Lead,116168,Delhi,2020-10-14,2
434,Meena,HR,Senior SDE,253540,Gurgaon,2017-08-07,4
435,Varun,HR,SDE2,256562,Noida,2015-04-30,5
436,Yash,Finance,Manager,255209,Noida,2015-01-19,2
437,Rohit,Sales,Director,62801,Hyderabad,2023-12-19,5
438,Neha,Marketing,Senior SDE,133323,Gurgaon,2016-04-11,3
439,Isha,Support,Analyst,194314,Noida,2021-11-08,4
440,Akash,Product,Senior SDE,214541,Gurgaon,2021-12-03,2
441,Abhishek,Sales,Analyst,74434,Pune,2018-07-06,1
442,Pooja,Sales,SDE1,125968,Chennai,2022-10-11,2
443,Suresh,Data,Manager,102282,Noida,2019-09-29,2
444,Kavya,HR,Analyst,117485,Gurgaon,2018-03-29,2
445,Neha,Marketing,Director,266454,Bangalore,2024-09-15,3
446,Amit,Support,SDE2,132303,Noida,2021-04-19,5
447,Varun,Support,Manager,287805,Noida,2022-12-18,4
448,Kavya,HR,SDE1,46179,Delhi,2018-04-11,1
449,Vikas,Finance,Analyst,181346,Pune,2023-10-03,4
450,Akash,Support,Analyst,297809,Hyderabad,2021-06-03,1
451,Vikas,Marketing,Analyst,51815,Gurgaon,2021-02-15,2
452,Nisha,Product,Lead,159777,Mumbai,2024-10-23,1
453,Manish,Sales,Senior SDE,75604,Gurgaon,2024-09-14,1
454,Rakesh,Finance,SDE2,213831,Noida,2016-11-10,5
455,Ankit,Finance,Director,138497,Bangalore,2021-05-24,3
456,Meena,Sales,Analyst,118278,Chennai,2022-11-23,3
457,Kiran,Sales,Director,299701,Hyderabad,2016-07-09,4
458,Tanvi,Engineering,Senior SDE,96525,Pune,2017-10-19,2
459,Mohit,Marketing,Director,159789,Noida,2020-06-27,2
460,Akash,Sales,Lead,247173,Noida,2020-01-26,1
461,Varun,Product,Manager,175870,Chennai,2020-02-06,4
462,Arjun,Engineering,Director,78833,Gurgaon,2022-02-13,3
463,Shreya,Product,Director,238517,Delhi,2019-10-26,2
464,Kavya,Sales,Senior SDE,178684,Chennai,2021-02-19,5
465,Ankit,Support,Director,210218,Bangalore,2015-07-08,1
466,Varun,Support,SDE1,95136,Pune,2019-12-13,4
467,Amit,Data,SDE2,99160,Mumbai,2016-10-13,3
468,Sneha,Marketing,Senior SDE,73212,Chennai,2022-06-14,2
469,Rahul,Data,Lead,190174,Delhi,2019-10-25,1
470,Mohit,Product,SDE1,141894,Gurgaon,2015-11-16,2
471,Akash,Finance,Analyst,263343,Bangalore,2015-02-03,3
472,Abhishek,Product,Director,251414,Pune,2020-05-10,1
473,Pooja,Data,SDE1,83701,Hyderabad,2018-07-07,3
474,Yash,Sales,SDE2,230656,Pune,2022-03-12,2
475,Sneha,Engineering,Analyst,116044,Gurgaon,2018-12-09,2
476,Varun,HR,Manager,261936,Delhi,2015-12-22,1
477,Ankit,Product,Analyst,231343,Chennai,2019-10-25,3
478,Sonali,HR,SDE2,175210,Hyderabad,2017-10-13,5
479,Ritu,Sales,Director,44063,Mumbai,2017-04-21,5
480,Ritu,Finance,Lead,235390,Mumbai,2022-03-31,1
481,Sonali,Finance,Manager,232315,Hyderabad,2017-09-14,4
482,Varun,Product,Analyst,36326,Chennai,2018-07-20,2
483,Deepak,Data,Senior SDE,120581,Gurgaon,2023-08-22,1
484,Amit,Product,SDE1,167460,Delhi,2015-06-13,1
485,Sonali,Data,Analyst,180202,Noida,2019-10-01,4
486,Sneha,HR,Senior SDE,73828,Mumbai,2015-11-20,5
487,Tanvi,Finance,Director,111462,Chennai,2019-05-20,5
488,Varun,Product,Senior SDE,259368,Delhi,2015-08-26,2
489,Sneha,Data,SDE1,267697,Bangalore,2018-06-20,2
490,Priya,Engineering,Lead,101938,Bangalore,2016-11-02,4
491,Simran,Sales,SDE2,224966,Pune,2023-05-30,3
492,Payal,Product,Director,45391,Chennai,2024-01-19,4
493,Vikas,Product,Senior SDE,70406,Gurgaon,2020-02-08,5
494,Simran,Engineering,Manager,117493,Chennai,2016-10-06,3
495,Rakesh,Product,Analyst,90468,Delhi,2023-04-23,5
496,Amit,Engineering,Director,36442,Delhi,2015-07-08,4
497,Simran,Data,SDE2,123827,Bangalore,2021-03-14,4
498,Pooja,Marketing,SDE2,248238,Chennai,2018-01-16,1
499,Akash,Marketing,SDE1,293214,Bangalore,2017-01-04,2
500,Sonali,Engineering,Manager,66137,Gurgaon,2024-09-17,3
501,Rakesh,Sales,Senior SDE,75290,Gurgaon,2015-02-02,3
502,Rohit,Sales,Analyst,189336,Delhi,2020-03-15,3
503,Akash,Support,Director,132457,Delhi,2016-09-08,1
504,Tanvi,Data,SDE1,152157,Chennai,2022-02-17,1
505,Arjun,Engineering,Director,227276,Mumbai,2016-03-01,2
506,Suresh,Finance,Manager,287964,Bangalore,2016-08-06,3
507,Sneha,Engineering,SDE2,246560,Chennai,2020-02-21,1
508,Akash,Product,Analyst,99999,Noida,2015-11-03,5
509,Akash,Engineering,Manager,98528,Delhi,2018-04-09,3
510,Shreya,Marketing,Director,236020,Chennai,2018-07-26,4
511,Vikas,Finance,SDE1,136279,Pune,2023-09-30,5
512,Priya,HR,SDE1,116179,Gurgaon,2020-03-23,3
513,Nisha,Product,Analyst,217845,Delhi,2020-01-26,3
514,Manish,Sales,Director,92869,Hyderabad,2016-10-07,3
515,Abhishek,Engineering,SDE2,201858,Pune,2016-01-09,2
516,Simran,Data,Analyst,55664,Mumbai,2017-12-01,2
517,Amit,Data,Director,267083,Delhi,2016-01-23,4
518,Priya,HR,SDE1,36268,Bangalore,2024-04-24,2
519,Ankit,Finance,Director,240020,Chennai,2022-09-12,1
520,Akash,Sales,Director,69314,Bangalore,2015-09-22,2
521,Yash,Support,Director,97523,Hyderabad,2024-07-02,3
522,Priya,Engineering,Manager,56548,Pune,2021-06-08,4
523,Abhishek,Data,Manager,45457,Noida,2022-08-30,4
524,Neha,Marketing,SDE2,128121,Mumbai,2018-02-20,4
525,Yash,HR,SDE1,158862,Mumbai,2020-08-05,4
526,Yash,Support,SDE1,75991,Mumbai,2019-04-18,2
527,Nisha,Finance,Lead,160625,Bangalore,2019-04-16,3
528,Kavya,Support,Senior SDE,293398,Chennai,2019-05-10,3
529,Neha,Engineering,Senior SDE,144829,Bangalore,2024-02-03,3
530,Rahul,Support,Analyst,217397,Delhi,2016-10-15,1
531,Pooja,Finance,Senior SDE,59312,Delhi,2021-06-16,4
532,Simran,HR,SDE2,154020,Chennai,2024-01-16,3
533,Tanvi,Engineering,Lead,214382,Pune,2021-04-25,2
534,Abhishek,Support,Analyst,192032,Pune,2020-07-01,1
535,Sneha,Engineering,SDE2,144718,Bangalore,2020-11-26,4
536,Amit,Marketing,Analyst,135625,Pune,2018-10-27,2
537,Tanvi,Marketing,SDE1,41488,Pune,2021-07-30,2
538,Rakesh,Product,Director,221307,Hyderabad,2019-03-11,4
539,Akash,Product,Senior SDE,188211,Chennai,2016-07-12,2
540,Payal,Data,Director,285433,Chennai,2016-12-14,5
541,Mohit,Marketing,SDE2,121934,Noida,2018-06-10,3
542,Ankit,HR,Lead,30942,Noida,2024-07-16,5
543,Rahul,HR,Analyst,196837,Delhi,2022-03-04,5
544,Priya,Support,SDE2,203627,Hyderabad,2017-09-01,3
545,Arjun,HR,Lead,76517,Chennai,2020-01-04,1
546,Vikas,Finance,SDE2,65543,Chennai,2017-11-17,1
547,Payal,Engineering,SDE1,232342,Gurgaon,2023-03-20,4
548,Neha,Data,Manager,228554,Chennai,2021-02-14,4
549,Priya,Support,Director,148270,Pune,2020-01-23,1
550,Sonali,Engineering,Senior SDE,40526,Chennai,2017-12-05,1
551,Sneha,Marketing,SDE2,226848,Pune,2023-03-18,1
552,Meena,Product,Senior SDE,283093,Bangalore,2019-11-02,2
553,Ritu,Data,SDE2,58078,Hyderabad,2018-09-18,2
554,Rohit,Data,Lead,169075,Mumbai,2018-05-03,2
555,Priya,Engineering,Manager,287398,Pune,2015-08-12,3
556,Amit,Data,SDE1,184428,Gurgaon,2017-03-28,1
557,Amit,Finance,SDE2,182993,Hyderabad,2020-04-23,1
558,Kiran,Data,Manager,286427,Mumbai,2016-01-09,5
559,Deepak,HR,Senior SDE,229987,Chennai,2017-02-03,4
560,Rahul,Sales,Manager,273824,Mumbai,2017-07-15,3
561,Akash,Engineering,SDE2,80700,Hyderabad,2022-06-29,3
562,Sonali,Data,Director,149282,Bangalore,2024-06-05,4
563,Abhishek,Data,Analyst,278944,Delhi,2020-05-04,3
564,Sneha,Data,Director,48207,Pune,2016-05-07,4
565,Neha,HR,SDE2,131043,Pune,2015-06-24,4
566,Sneha,Data,SDE2,107530,Mumbai,2018-08-02,1
567,Sneha,Data,Analyst,238328,Chennai,2024-08-09,3
568,Suresh,Support,Director,36482,Noida,2016-04-05,4
569,Ankit,HR,Analyst,82535,Hyderabad,2021-04-23,1
570,Sonali,Sales,Director,210286,Noida,2017-12-17,4
571,Varun,Support,Analyst,278012,Bangalore,2016-12-06,3
572,Deepak,HR,Analyst,240616,Bangalore,2019-06-10,3
573,Mohit,Finance,SDE1,279151,Mumbai,2019-03-06,1
574,Arjun,Sales,Senior SDE,176982,Gurgaon,2024-08-16,1
575,Shreya,Finance,SDE2,187538,Gurgaon,2023-09-06,3
576,Vikas,Data,Analyst,76812,Delhi,2019-12-15,2
577,Tanvi,Data,Lead,283996,Chennai,2024-03-16,1
578,Suresh,HR,SDE1,193118,Noida,2016-07-09,5
579,Yash,Engineering,SDE2,131063,Delhi,2024-05-21,1
580,Pooja,Engineering,Manager,56507,Chennai,2022-11-26,2
581,Vikas,Marketing,Director,273384,Noida,2022-02-15,1
582,Isha,Engineering,SDE2,225279,Gurgaon,2021-08-30,4
583,Neha,Support,Analyst,213374,Chennai,2016-10-31,3
584,Payal,Product,Senior SDE,44391,Noida,2015-07-23,2
585,Shreya,Finance,Director,146051,Delhi,2022-08-07,2
586,Vikas,Data,Analyst,40513,Bangalore,2020-04-25,2
587,Varun,HR,Analyst,34437,Delhi,2017-10-30,5
588,Sonali,Sales,Lead,174377,Noida,2019-03-23,3
589,Manish,Sales,SDE2,274684,Mumbai,2022-08-05,5
590,Abhishek,Data,Analyst,83641,Bangalore,2020-09-26,3
591,Meena,Sales,Senior SDE,86677,Gurgaon,2015-09-19,3
592,Vikas,Marketing,Director,175167,Mumbai,2022-05-11,3
593,Rohit,HR,Analyst,155987,Bangalore,2024-01-13,5
594,Deepak,Marketing,Lead,103363,Bangalore,2022-05-08,4
595,Kiran,Sales,Manager,242126,Noida,2023-04-06,1
596,Akash,Finance,Senior SDE,146582,Gurgaon,2022-07-14,3
597,Suresh,Sales,Director,119121,Pune,2018-04-18,1
598,Kavya,HR,Lead,165608,Pune,2022-08-16,3
599,Varun,Product,SDE2,216270,Delhi,2023-05-07,3
600,Nisha,Marketing,Senior SDE,166608,Mumbai,2020-03-14,1
601,Kavya,Engineering,Director,67337,Gurgaon,2024-12-22,2
602,Suresh,Product,Director,230104,Mumbai,2019-08-20,1
603,Shreya,HR,SDE2,135013,Chennai,2019-08-04,5
604,Yash,Support,SDE2,195876,Pune,2023-09-26,1
605,Kavya,Marketing,Lead,122706,Chennai,2022-02-11,1
606,Amit,Support,Senior SDE,139776,Pune,2021-06-18,2
607,Kavya,Product,SDE2,257389,Noida,2019-07-11,4
608,Kavya,Data,SDE1,49778,Delhi,2023-03-12,3
609,Amit,Marketing,Director,129917,Bangalore,2022-08-03,1
610,Varun,Finance,SDE2,210538,Mumbai,2016-06-12,1
611,Deepak,Sales,SDE2,64229,Bangalore,2018-05-06,3
612,Manish,Marketing,Manager,100144,Chennai,2020-06-30,3
613,Rakesh,Finance,SDE2,241493,Bangalore,2017-07-24,2
614,Payal,HR,SDE2,41488,Pune,2016-05-19,3
615,Mohit,Engineering,Manager,164107,Bangalore,2021-08-29,1
616,Isha,Product,Lead,40350,Bangalore,2022-09-26,1
617,Nisha,Support,Manager,94799,Mumbai,2020-04-27,2
618,Rohit,Engineering,Senior SDE,250657,Hyderabad,2022-06-06,5
619,Vikas,HR,Manager,85005,Hyderabad,2018-03-03,1
620,Sonali,Product,Manager,134148,Delhi,2023-09-22,3
621,Abhishek,Finance,Senior SDE,244830,Mumbai,2016-10-18,1
622,Meena,Support,SDE2,282006,Chennai,2017-08-18,1
623,Amit,Product,SDE1,289052,Pune,2016-01-04,5
624,Sneha,Product,Senior SDE,151194,Gurgaon,2018-04-27,3
625,Manish,Engineering,SDE1,121594,Bangalore,2024-07-22,3
626,Simran,Marketing,Manager,90765,Hyderabad,2024-07-18,1
627,Amit,HR,Lead,119397,Chennai,2019-01-04,4
628,Ritu,Sales,Lead,78733,Chennai,2024-02-21,3
629,Neha,Product,Manager,239846,Gurgaon,2018-01-18,4
630,Mohit,Support,Director,251113,Pune,2016-04-08,2
631,Mohit,Engineering,Director,113569,Hyderabad,2019-09-01,5
632,Kavya,Support,SDE2,229098,Chennai,2021-11-09,1
633,Shreya,HR,Manager,285916,Hyderabad,2024-12-14,4
634,Manish,Engineering,SDE1,167160,Chennai,2015-02-20,5
635,Rakesh,Finance,Lead,207366,Hyderabad,2019-11-08,2
636,Kavya,Marketing,Lead,231786,Pune,2024-05-29,5
637,Yash,Engineering,SDE1,112275,Gurgaon,2024-07-21,4
638,Shreya,HR,SDE1,287765,Chennai,2017-09-13,3
639,Vikas,Engineering,Analyst,146762,Noida,2019-07-10,2
640,Sneha,Support,Manager,264932,Hyderabad,2024-08-09,4
641,Manish,Marketing,SDE1,290766,Bangalore,2016-02-25,4
642,Nisha,Engineering,Analyst,30088,Hyderabad,2023-11-18,5
643,Ritu,Sales,Analyst,138449,Gurgaon,2018-10-28,3
644,Abhishek,Engineering,Director,146873,Gurgaon,2018-09-21,5
645,Rakesh,Support,Lead,220470,Gurgaon,2016-04-12,1
646,Rakesh,Finance,SDE1,208969,Chennai,2024-04-22,3
647,Meena,Marketing,Lead,85743,Bangalore,2016-11-03,4
648,Ankit,Data,SDE1,163320,Delhi,2017-02-07,1
649,Tanvi,Data,SDE2,269623,Delhi,2023-01-14,3
650,Priya,Data,SDE1,94602,Gurgaon,2020-02-17,5
651,Suresh,HR,Manager,32274,Bangalore,2021-03-16,4
652,Abhishek,Support,Analyst,122905,Pune,2023-03-12,2
653,Priya,Data,Lead,198738,Noida,2019-09-11,5
654,Tanvi,Finance,Senior SDE,238598,Chennai,2018-04-19,4
655,Sonali,HR,SDE2,246397,Mumbai,2024-06-15,5
656,Shreya,Marketing,Lead,143950,Delhi,2017-05-08,5
657,Mohit,Sales,Lead,211033,Pune,2022-12-19,2
658,Suresh,Marketing,Lead,90505,Chennai,2021-04-22,4
659,Akash,Data,Lead,179908,Noida,2024-01-24,1
660,Suresh,Product,SDE1,229685,Pune,2015-08-06,1
661,Rohit,Sales,Director,114376,Mumbai,2022-08-31,3
662,Ankit,Engineering,Lead,184738,Delhi,2023-06-14,5
663,Rahul,Marketing,Director,267289,Hyderabad,2021-11-28,5
664,Shreya,Finance,Lead,233888,Delhi,2020-09-23,3
665,Mohit,Engineering,Manager,233190,Noida,2023-11-03,3
666,Meena,Engineering,SDE1,161775,Delhi,2021-12-16,4
667,Abhishek,Finance,Lead,222802,Delhi,2023-09-15,2
668,Kiran,Support,SDE2,69043,Pune,2016-12-12,5
669,Priya,Data,SDE1,254661,Mumbai,2021-03-29,3
670,Ankit,HR,Analyst,163701,Bangalore,2018-09-15,4
671,Mohit,HR,SDE1,110584,Chennai,2021-09-10,1
672,Rakesh,Sales,Manager,217739,Hyderabad,2023-10-17,3
673,Suresh,Finance,SDE2,65744,Pune,2019-08-31,5
674,Meena,Data,SDE1,213187,Delhi,2024-11-27,2
675,Isha,Marketing,Senior SDE,219161,Mumbai,2017-06-13,5
676,Suresh,Support,Analyst,34615,Hyderabad,2022-07-02,3
677,Manish,Finance,Lead,157835,Bangalore,2022-08-27,3
678,Deepak,Product,Manager,164527,Mumbai,2015-04-12,5
679,Abhishek,Marketing,Analyst,296723,Gurgaon,2020-06-16,1
680,Kiran,Finance,Senior SDE,299428,Hyderabad,2016-01-29,2
681,Rakesh,Engineering,Lead,64326,Delhi,2022-07-08,2
682,Shreya,Data,Director,84487,Delhi,2021-01-11,4
683,Varun,Product,Lead,110611,Bangalore,2020-02-24,3
684,Rahul,Product,SDE1,58452,Pune,2023-11-28,3
685,Meena,Product,Analyst,149351,Mumbai,2019-07-28,4
686,Manish,Data,Manager,195886,Bangalore,2019-05-15,1
687,Meena,Engineering,Lead,63154,Bangalore,2022-11-10,1
688,Simran,Product,Senior SDE,187994,Hyderabad,2018-02-27,4
689,Deepak,Data,Director,46158,Gurgaon,2016-10-02,5
690,Pooja,HR,Lead,234992,Mumbai,2022-02-10,2
691,Kiran,Marketing,SDE1,104120,Hyderabad,2015-06-21,1
692,Akash,Data,Analyst,74630,Mumbai,2017-05-10,3
693,Rohit,Data,Lead,298725,Pune,2016-10-21,2
694,Pooja,Sales,SDE2,90095,Pune,2022-07-11,5
695,Shreya,Engineering,Director,271835,Hyderabad,2018-04-05,1
696,Vikas,Product,SDE2,285428,Chennai,2019-01-02,2
697,Isha,Finance,SDE1,179493,Hyderabad,2017-03-03,3
698,Kavya,Support,Senior SDE,190261,Pune,2021-05-05,5
699,Simran,Marketing,Manager,118415,Bangalore,2018-07-06,2
700,Sonali,Finance,Lead,258654,Mumbai,2024-06-03,3
701,Ankit,Marketing,Manager,272665,Gurgaon,2019-01-09,3
702,Kavya,Product,SDE2,72977,Mumbai,2024-08-18,2
703,Yash,Finance,Senior SDE,70088,Hyderabad,2015-03-18,5
704,Varun,Engineering,Director,242407,Delhi,2015-05-31,5
705,Vikas,Support,Lead,107926,Chennai,2019-05-27,2
706,Yash,Sales,SDE2,273637,Hyderabad,2019-06-14,3
707,Suresh,Engineering,Lead,155242,Pune,2023-06-29,5
708,Ankit,Support,SDE2,123923,Pune,2023-04-03,4
709,Simran,Engineering,SDE2,285664,Delhi,2015-09-15,3
710,Simran,Finance,SDE1,138409,Chennai,2019-05-09,4
711,Tanvi,Support,SDE1,50921,Chennai,2016-02-27,5
712,Varun,Sales,Director,168053,Pune,2019-03-23,4
713,Simran,Product,Analyst,161903,Noida,2017-07-01,5
714,Deepak,Marketing,Director,210896,Gurgaon,2023-11-21,4
715,Yash,Engineering,Analyst,102859,Gurgaon,2016-11-09,2
716,Sneha,Sales,SDE2,108769,Pune,2016-10-06,3
717,Ritu,Product,Lead,150767,Noida,2024-02-05,3
718,Payal,Product,Manager,281036,Gurgaon,2017-05-13,5
719,Neha,Data,SDE1,157753,Bangalore,2016-06-07,5
720,Akash,HR,SDE2,298772,Bangalore,2024-12-27,5
721,Ankit,Engineering,SDE2,165402,Pune,2020-10-17,4
722,Ritu,Engineering,Lead,178611,Hyderabad,2017-06-06,4
723,Ritu,Support,Director,282532,Pune,2017-06-17,4
724,Ritu,HR,Director,125359,Mumbai,2016-11-17,3
725,Tanvi,Support,Analyst,66093,Delhi,2019-03-30,4
726,Ankit,Product,SDE1,136088,Noida,2024-04-08,2
727,Ritu,Product,SDE2,279492,Bangalore,2024-11-04,5
728,Suresh,Product,SDE1,282833,Pune,2021-10-07,5
729,Abhishek,Engineering,Director,256228,Noida,2019-02-26,1
730,Mohit,Data,SDE2,282771,Noida,2018-12-06,5
731,Sonali,Product,Manager,100193,Mumbai,2020-05-08,2
732,Tanvi,Product,Senior SDE,244248,Mumbai,2017-02-13,1
733,Mohit,Engineering,Analyst,91776,Bangalore,2019-03-17,2
734,Mohit,Marketing,Manager,219933,Hyderabad,2016-09-25,4
735,Varun,Sales,Senior SDE,252068,Chennai,2021-11-11,3
736,Isha,Data,Director,136794,Noida,2021-03-11,5
737,Kavya,HR,Senior SDE,283629,Mumbai,2018-06-10,5
738,Simran,Data,Lead,102387,Hyderabad,2023-05-22,2
739,Manish,HR,SDE1,142437,Noida,2023-10-25,3
740,Sonali,Engineering,SDE2,234002,Bangalore,2024-01-08,1
741,Abhishek,HR,Manager,258263,Hyderabad,2015-09-20,3
742,Pooja,Marketing,SDE1,49794,Noida,2019-06-30,5
743,Varun,Sales,Lead,60127,Pune,2022-03-07,4
744,Manish,Engineering,SDE2,179949,Delhi,2015-05-18,5
745,Suresh,Finance,Analyst,118857,Bangalore,2019-01-13,2
746,Varun,Engineering,SDE2,75530,Mumbai,2023-09-29,4
747,Simran,Data,Manager,135020,Bangalore,2023-04-07,1
748,Tanvi,Product,Analyst,179156,Chennai,2018-11-24,3
749,Pooja,Finance,Manager,241789,Bangalore,2017-12-05,2
750,Nisha,Product,Analyst,67951,Mumbai,2018-10-24,1
751,Sonali,Sales,Analyst,161146,Gurgaon,2019-03-25,5
752,Kavya,Finance,Director,208080,Gurgaon,2022-08-23,4
753,Yash,Engineering,Manager,90958,Mumbai,2015-10-04,4
754,Varun,Finance,Lead,150549,Chennai,2019-08-17,3
755,Suresh,Engineering,Lead,168071,Delhi,2018-03-22,1
756,Deepak,Marketing,SDE1,123577,Gurgaon,2018-07-09,3
757,Rohit,Sales,SDE2,129702,Gurgaon,2023-04-08,2
758,Pooja,Finance,Director,169148,Delhi,2017-07-27,2
759,Abhishek,Finance,Director,216660,Pune,2023-09-26,1
760,Priya,Product,Lead,288298,Bangalore,2023-07-28,5
761,Rahul,Support,Senior SDE,195369,Gurgaon,2024-11-17,5
762,Shreya,Sales,Manager,125877,Mumbai,2019-06-18,2
763,Rakesh,HR,SDE1,251866,Gurgaon,2021-01-23,1
764,Suresh,Marketing,Manager,121645,Gurgaon,2016-05-08,5
765,Manish,Marketing,Lead,34413,Bangalore,2022-07-24,2
766,Deepak,Product,Senior SDE,219583,Mumbai,2017-02-05,5
767,Vikas,Finance,Senior SDE,277120,Chennai,2019-02-07,2
768,Kavya,Data,SDE2,249725,Chennai,2019-02-04,4
769,Vikas,Support,SDE2,98754,Delhi,2024-02-17,1
770,Payal,Sales,Director,153629,Noida,2024-08-08,4
771,Rohit,HR,Director,108406,Gurgaon,2024-01-14,1
772,Neha,Data,Manager,100501,Chennai,2023-10-22,4
773,Kiran,Sales,Analyst,55013,Noida,2016-02-10,2
774,Rahul,Finance,Director,163321,Gurgaon,2024-05-29,1
775,Manish,Marketing,Senior SDE,219248,Chennai,2021-04-14,5
776,Tanvi,Sales,Senior SDE,40399,Noida,2016-05-11,3
777,Shreya,Finance,Analyst,121508,Mumbai,2018-12-25,3
778,Isha,Support,Director,264320,Hyderabad,2019-04-10,5
779,Kiran,Support,Lead,105942,Pune,2022-03-08,3
780,Nisha,Data,Director,67404,Hyderabad,2016-10-25,3
781,Pooja,Marketing,Senior SDE,182754,Mumbai,2021-10-15,4
782,Vikas,Support,Director,220402,Gurgaon,2019-08-23,2
783,Neha,Engineering,SDE2,153012,Mumbai,2023-05-05,1
784,Rohit,HR,Manager,84006,Hyderabad,2015-09-19,4
785,Meena,Engineering,SDE1,238148,Hyderabad,2016-03-01,3
786,Ritu,HR,SDE1,234391,Mumbai,2017-07-28,2
787,Payal,Sales,Manager,96276,Pune,2020-11-27,2
788,Amit,Engineering,Lead,217087,Chennai,2024-09-09,4
789,Manish,Sales,Analyst,263226,Pune,2022-10-28,5
790,Neha,Support,Lead,258053,Mumbai,2018-11-23,4
791,Meena,Finance,Director,76952,Gurgaon,2018-06-15,3
792,Nisha,Sales,SDE2,189159,Bangalore,2015-01-01,5
793,Abhishek,HR,Senior SDE,180346,Gurgaon,2020-12-31,1
794,Mohit,Support,Director,280120,Mumbai,2015-02-07,4
795,Sonali,Sales,Analyst,151223,Bangalore,2021-02-23,3
796,Rohit,Data,Analyst,259169,Noida,2017-10-20,2
797,Mohit,Data,Director,228368,Delhi,2017-12-13,1
798,Nisha,Finance,Analyst,172535,Mumbai,2022-04-10,5
799,Sonali,Sales,Manager,128566,Hyderabad,2017-01-17,2
800,Kiran,Product,Lead,268730,Gurgaon,2018-01-19,5
801,Kavya,Finance,Senior SDE,40168,Pune,2015-07-23,5
802,Amit,HR,SDE1,177909,Mumbai,2016-05-27,4
803,Payal,Engineering,SDE2,77289,Pune,2015-03-02,4
804,Rohit,Marketing,Manager,193355,Gurgaon,2019-03-02,4
805,Mohit,Engineering,Senior SDE,72060,Pune,2015-08-18,3
806,Rakesh,Data,SDE1,276492,Pune,2017-02-26,3
807,Abhishek,Data,Director,36614,Hyderabad,2023-08-13,2
808,Deepak,Support,SDE2,47569,Delhi,2020-03-02,1
809,Suresh,Finance,Manager,234012,Mumbai,2018-08-16,2
810,Varun,Engineering,Lead,94037,Mumbai,2020-05-25,3
811,Rohit,Marketing,SDE1,144183,Hyderabad,2017-08-24,4
812,Arjun,Engineering,SDE2,174755,Hyderabad,2019-06-10,2
813,Amit,Engineering,Analyst,279178,Pune,2019-03-02,1
814,Pooja,HR,Manager,77920,Chennai,2023-07-09,1
815,Rahul,Marketing,Lead,110697,Hyderabad,2016-05-30,4
816,Pooja,Marketing,Analyst,212094,Gurgaon,2023-03-23,2
817,Amit,Data,Senior SDE,100638,Mumbai,2015-06-11,4
818,Mohit,Support,Analyst,184515,Gurgaon,2017-02-16,5
819,Neha,Marketing,Senior SDE,275573,Mumbai,2024-09-23,5
820,Tanvi,HR,SDE1,111277,Gurgaon,2018-04-26,3
821,Meena,Marketing,Manager,30377,Noida,2023-03-25,2
822,Yash,Engineering,Analyst,220880,Delhi,2018-08-06,1
823,Isha,Data,SDE2,290859,Pune,2021-11-16,3
824,Arjun,Data,Lead,198833,Hyderabad,2016-01-30,5
825,Isha,Product,SDE1,98039,Pune,2024-10-17,1
826,Rohit,Product,Manager,130462,Hyderabad,2015-05-11,5
827,Varun,Data,Lead,286853,Mumbai,2015-07-21,3
828,Pooja,Product,SDE1,139438,Gurgaon,2024-12-23,1
829,Manish,Engineering,Senior SDE,248079,Chennai,2023-11-28,1
830,Abhishek,Sales,Analyst,51313,Hyderabad,2024-05-10,3
831,Sneha,Finance,Analyst,80918,Hyderabad,2023-02-18,2
832,Meena,Data,SDE2,131250,Delhi,2021-05-23,2
833,Meena,Data,Lead,85319,Chennai,2022-07-25,4
834,Mohit,Data,SDE1,117456,Pune,2021-03-02,4
835,Suresh,Marketing,Lead,112930,Gurgaon,2018-12-14,3
836,Meena,Marketing,Director,224888,Noida,2023-07-28,4
837,Abhishek,Marketing,Analyst,156207,Delhi,2019-03-17,5
838,Tanvi,Sales,Senior SDE,267189,Gurgaon,2019-06-15,1
839,Payal,Engineering,Senior SDE,38547,Pune,2024-12-25,3
840,Amit,Sales,SDE2,142629,Chennai,2015-03-30,3
841,Tanvi,HR,SDE1,49784,Gurgaon,2018-12-27,2
842,Ankit,Sales,Senior SDE,160996,Delhi,2017-11-15,3
843,Sneha,Data,Analyst,143999,Hyderabad,2023-02-11,3
844,Sonali,Support,SDE2,285997,Hyderabad,2021-09-04,3
845,Rahul,Data,SDE1,59319,Chennai,2018-11-26,4
846,Nisha,Product,Director,148865,Bangalore,2022-02-09,4
847,Rahul,Sales,Analyst,51591,Chennai,2021-01-20,5
848,Ankit,Marketing,Analyst,145761,Pune,2015-07-26,4
849,Manish,Product,SDE2,256458,Mumbai,2023-10-26,4
850,Ankit,HR,Senior SDE,73277,Gurgaon,2021-05-29,1
851,Meena,Data,Senior SDE,74605,Noida,2020-08-17,4
852,Rakesh,HR,Director,100711,Gurgaon,2021-04-09,2
853,Kavya,Data,Lead,132812,Delhi,2017-09-19,1
854,Vikas,Data,Senior SDE,76973,Hyderabad,2022-07-14,4
855,Nisha,Marketing,Senior SDE,129871,Chennai,2018-11-12,5
856,Varun,Engineering,Director,189812,Pune,2018-12-03,5
857,Abhishek,Support,Analyst,106450,Gurgaon,2015-07-03,2
858,Rohit,Marketing,SDE2,74991,Hyderabad,2023-04-18,1
859,Pooja,HR,Director,180829,Bangalore,2018-11-07,1
860,Kiran,Support,Manager,41926,Chennai,2017-05-06,5
861,Rohit,Finance,Analyst,165611,Gurgaon,2021-12-26,2
862,Mohit,Engineering,Manager,52797,Mumbai,2016-11-28,1
863,Kiran,Finance,Director,172229,Bangalore,2020-03-19,1
864,Sneha,Data,Lead,172244,Chennai,2024-09-10,1
865,Amit,Sales,Director,232649,Delhi,2019-04-09,5
866,Mohit,Product,Senior SDE,284102,Hyderabad,2017-02-02,2
867,Suresh,Support,Analyst,41266,Bangalore,2017-10-10,5
868,Kiran,Marketing,Manager,236254,Pune,2015-03-17,3
869,Isha,Marketing,Senior SDE,188506,Delhi,2020-08-15,3
870,Sonali,Engineering,Lead,165098,Noida,2024-12-26,1
871,Meena,Sales,SDE2,109538,Chennai,2019-05-29,2
872,Sneha,Data,Analyst,149237,Noida,2017-09-11,5
873,Ankit,Data,Senior SDE,202640,Gurgaon,2021-01-29,2
874,Rohit,HR,Analyst,136068,Pune,2018-06-19,5
875,Tanvi,HR,Manager,106101,Pune,2018-07-24,1
876,Meena,Product,SDE2,196512,Pune,2023-02-26,1
877,Rakesh,Marketing,Manager,245614,Mumbai,2019-12-20,3
878,Ankit,Finance,SDE1,98967,Pune,2015-04-18,5
879,Ritu,Sales,Analyst,151064,Delhi,2017-08-03,1
880,Simran,Product,Lead,279876,Pune,2020-08-19,5
881,Kavya,Marketing,SDE2,233140,Gurgaon,2020-04-24,2
882,Neha,Finance,SDE2,46897,Noida,2023-07-29,1
883,Tanvi,Sales,Manager,146682,Delhi,2023-07-01,2
884,Sneha,HR,Manager,286871,Chennai,2024-09-20,4
885,Yash,Finance,Manager,242266,Bangalore,2021-10-26,4
886,Payal,Marketing,Manager,50191,Hyderabad,2020-01-24,4
887,Abhishek,Engineering,SDE2,237414,Bangalore,2021-04-03,4
888,Suresh,Engineering,SDE2,182661,Gurgaon,2019-06-19,3
889,Rakesh,Sales,Manager,117286,Noida,2018-04-20,5
890,Tanvi,Engineering,Lead,104574,Gurgaon,2024-04-22,4
891,Sneha,Product,SDE2,100939,Noida,2019-08-21,3
892,Manish,Engineering,SDE2,267859,Delhi,2024-11-23,4
893,Sneha,Sales,Senior SDE,115980,Hyderabad,2016-01-09,1
894,Mohit,Support,Lead,220286,Hyderabad,2020-11-15,4
895,Payal,HR,Manager,229547,Bangalore,2023-08-13,2
896,Tanvi,Marketing,Analyst,108690,Pune,2024-09-28,2
897,Neha,Engineering,Manager,191513,Mumbai,2023-03-10,4
898,Kiran,HR,SDE1,98981,Delhi,2015-01-15,5
899,Rakesh,Sales,SDE1,270460,Gurgaon,2024-08-04,4
900,Meena,Engineering,Analyst,288718,Delhi,2017-06-07,5
901,Isha,Support,Manager,245037,Gurgaon,2015-11-22,5
902,Ritu,Engineering,SDE2,175811,Delhi,2015-07-20,2
903,Ankit,Engineering,Lead,212986,Bangalore,2016-08-18,1
904,Isha,Sales,Senior SDE,75981,Bangalore,2016-03-22,4
905,Neha,HR,Lead,179097,Pune,2020-02-09,5
906,Simran,Engineering,SDE1,186916,Chennai,2019-02-18,4
907,Abhishek,Product,Director,254040,Hyderabad,2018-04-14,4
908,Ankit,Product,Lead,173874,Chennai,2020-11-28,4
909,Suresh,Finance,Lead,139602,Bangalore,2016-03-23,5
910,Payal,Product,Manager,180568,Noida,2021-10-29,3
911,Vikas,Marketing,SDE2,290254,Gurgaon,2020-07-10,2
912,Yash,Finance,Lead,182299,Delhi,2015-01-07,1
913,Amit,Support,Lead,91827,Delhi,2023-12-20,5
914,Nisha,Data,SDE1,205003,Chennai,2021-04-14,2
915,Amit,Finance,Lead,177653,Mumbai,2023-11-11,1
916,Kiran,Sales,Analyst,199829,Bangalore,2016-04-11,3
917,Arjun,Data,Lead,45265,Pune,2017-03-05,3
918,Abhishek,Marketing,Lead,281190,Gurgaon,2023-12-10,1
919,Varun,HR,Manager,111467,Gurgaon,2024-09-13,5
920,Yash,Marketing,Manager,247030,Bangalore,2024-05-13,5
921,Kiran,Marketing,Analyst,39813,Delhi,2021-06-23,3
922,Sonali,Marketing,SDE1,108278,Mumbai,2024-06-05,1
923,Arjun,Data,Lead,117015,Noida,2017-02-06,5
924,Priya,Sales,Lead,194888,Bangalore,2018-01-17,4
925,Sneha,Support,SDE2,224816,Gurgaon,2024-04-20,3
926,Rohit,Sales,SDE2,88841,Chennai,2023-10-21,1
927,Rakesh,Finance,SDE1,262665,Bangalore,2023-12-17,4
928,Yash,HR,SDE2,208318,Gurgaon,2023-03-20,5
929,Kiran,Marketing,SDE2,81512,Pune,2017-04-20,1
930,Manish,Data,Lead,90731,Bangalore,2018-06-27,1
931,Isha,Product,Senior SDE,274777,Bangalore,2016-02-27,5
932,Rakesh,Sales,SDE1,193652,Delhi,2018-08-07,2
933,Rohit,Sales,Senior SDE,197326,Gurgaon,2022-07-11,1
934,Vikas,HR,SDE2,173464,Hyderabad,2015-03-04,5
935,Meena,Product,SDE2,213667,Chennai,2018-01-15,2
936,Mohit,Sales,Analyst,158358,Pune,2015-10-19,3
937,Ritu,Marketing,Analyst,262599,Bangalore,2016-06-16,1
938,Kavya,Engineering,SDE1,231116,Bangalore,2015-12-19,4
939,Deepak,HR,Lead,263746,Chennai,2018-07-03,3
940,Abhishek,Finance,Lead,71180,Gurgaon,2021-05-14,2
941,Sneha,Support,SDE1,268857,Mumbai,2022-09-04,4
942,Kavya,Finance,SDE2,105351,Mumbai,2019-01-28,4
943,Neha,Marketing,Director,200268,Gurgaon,2020-06-19,1
944,Sneha,Support,SDE1,214256,Gurgaon,2020-03-04,2
945,Kiran,Marketing,Analyst,96791,Hyderabad,2019-07-20,1
946,Arjun,Product,Director,188396,Gurgaon,2019-06-30,5
947,Nisha,Finance,Analyst,157764,Pune,2020-05-29,4
948,Sneha,Marketing,SDE2,256045,Noida,2021-05-12,3
949,Meena,Finance,SDE2,70839,Gurgaon,2016-04-13,5
950,Ritu,Support,Senior SDE,81198,Gurgaon,2016-12-22,3
951,Deepak,Product,Analyst,87013,Noida,2018-09-03,4
952,Varun,Engineering,SDE1,144091,Pune,2024-12-13,5
953,Yash,Engineering,Director,106926,Pune,2020-01-30,5
954,Kiran,Data,Analyst,264440,Delhi,2017-04-22,3
955,Kiran,Sales,Manager,210493,Hyderabad,2021-07-14,1
956,Ritu,Data,Director,96875,Mumbai,2015-09-13,3
957,Yash,Engineering,SDE1,218347,Hyderabad,2024-08-28,3
958,Shreya,Engineering,SDE2,256343,Noida,2022-01-04,3
959,Mohit,Data,Manager,230049,Noida,2021-02-10,2
960,Isha,HR,Manager,102912,Delhi,2021-03-25,4
961,Abhishek,Marketing,Director,248751,Pune,2018-03-27,2
962,Ankit,Engineering,SDE1,38235,Pune,2023-02-02,4
963,Isha,Data,SDE2,74388,Pune,2022-03-15,4
964,Shreya,Support,Director,253191,Pune,2020-02-05,5
965,Nisha,Support,Manager,216283,Delhi,2017-01-31,4
966,Ritu,Engineering,Analyst,291177,Delhi,2022-12-26,5
967,Vikas,Data,Analyst,222397,Bangalore,2015-06-05,5
968,Kavya,Marketing,SDE1,282461,Hyderabad,2016-08-04,5
969,Shreya,Sales,Manager,71017,Hyderabad,2017-10-01,4
970,Varun,Product,Lead,193839,Bangalore,2018-11-08,5
971,Rakesh,Engineering,Manager,268044,Gurgaon,2021-06-08,3
972,Nisha,Marketing,Director,184464,Mumbai,2016-11-17,1
973,Mohit,Sales,Lead,166547,Bangalore,2022-01-21,4
974,Akash,HR,Analyst,57063,Mumbai,2024-01-27,5
975,Amit,Sales,Manager,73259,Pune,2020-09-01,1
976,Shreya,Sales,Senior SDE,99488,Mumbai,2018-02-01,3
977,Amit,Product,Analyst,121547,Pune,2022-05-23,4
978,Simran,HR,Senior SDE,153834,Gurgaon,2017-01-10,5
979,Shreya,Engineering,Senior SDE,74250,Pune,2021-09-05,2
980,Abhishek,Support,Director,246503,Noida,2017-09-01,4
981,Payal,HR,SDE2,210919,Bangalore,2022-03-15,3
982,Rakesh,Product,SDE1,117870,Gurgaon,2019-06-22,4
983,Kiran,Support,Lead,152505,Noida,2022-08-31,4
984,Kavya,Sales,SDE2,257925,Bangalore,2018-03-28,4
985,Deepak,Marketing,Analyst,51505,Hyderabad,2020-12-16,3
986,Shreya,Data,Analyst,172915,Chennai,2018-01-12,3
987,Sonali,Product,Senior SDE,235077,Gurgaon,2023-09-02,2
988,Payal,Finance,Analyst,206898,Pune,2018-07-07,5
989,Amit,Engineering,Director,65626,Bangalore,2019-08-12,1
990,Suresh,Product,Lead,263802,Chennai,2017-06-17,3
991,Vikas,Finance,SDE1,42425,Hyderabad,2015-08-21,5
992,Isha,Finance,Analyst,93853,Hyderabad,2015-12-20,5
993,Ankit,Data,Lead,126871,Hyderabad,2022-10-20,2
994,Vikas,Sales,Manager,69696,Gurgaon,2018-02-06,4
995,Mohit,Marketing,Senior SDE,114916,Hyderabad,2018-02-09,1
996,Deepak,Data,Senior SDE,61488,Mumbai,2024-02-12,3
997,Neha,Support,SDE1,287803,Delhi,2021-11-04,4
998,Neha,Support,SDE1,105430,Noida,2017-06-13,5
999,Varun,Product,Manager,165788,Hyderabad,2015-05-23,1
1000,Sneha,Sales,Director,263770,Bangalore,2020-07-31,2
